标题,地区,位置,具体位置,resblock-tag1_resblock-tag_resblock-type_resblock-tag2_resblock-tag3,均价/平方米每元,总价,类型,室厅数,面积
越秀大学星汇锦城,番禺,南村,南村东线路越秀大学星汇锦城,"住宅,低单价,低总价,绿化率高,人车分流",30000,总价185-400(万/套),在售,"3室,4室",建面 70-126㎡
万科黄埔新城,黄埔,南岗,南岗街沙步大路2号,"住宅,优惠楼盘,低总价,车位充足,绿化率高",33000,总价235-500(万/套),在售,"3室,4室",建面 75-143㎡
中建未来方洲,黄埔,文冲,石化路中建未来方洲,"住宅,低总价,车位充足,绿化率高,国央企",42000,总价350(万/套),待售,,
合景誉山国际,增城,永宁,增城区新新大道合景誉山国际营销中心,"住宅,低单价,低总价,绿化率高,人车分流",10000,总价80(万/套),在售,3室,建面 74-142㎡
中旅名门府,花都,镜湖大道,G107中旅名门府,"住宅,低总价,车位充足,绿化率高,国央企",18500,总价150-250(万/套),在售,"2室,3室",建面 80-116㎡
合生中央城（住宅）,黄埔,香雪,广州市黄埔区岗荔街8号,"住宅,低总价,绿化率高,人车分流,入户花园",33000,总价255-710(万/套),在售,"3室,4室",建面 85-169㎡
景业东湖洲豪园,南沙,南沙湾,广东省广州市南沙区环市大道南横地铁站200米,"住宅,车位充足,低密居所,置换改善,养老舒适",26000,总价320-330(万/套),在售,3室,建面 95-121㎡
天健汇,天河,车陂,车陂北路（天坤三路与健明四路交汇处）,"商业类,低总价,人车分流,小型社区,国央企",37500,总价100-135(万/套),在售,1室,建面 36-51㎡
南沙珠江湾,南沙,南沙湾,漾滨路和海滨路交汇处,"商业,人车分流,大型社区,品牌房企,贴心物业",30000,总价318(万/套),在售,,
碧桂园云顶,增城,凤凰城,广东省广州市增城区广惠高速路口西侧50米,"住宅,车位充足,人车分流,品牌房企,水系园林",21000,总价200-340(万/套),在售,"3室,4室",建面 90-205㎡
智杰雅筑,从化,河滨北路,向阳路32号,"住宅,绿化率高,人车分流,入户花园,贴心物业",11000,总价140(万/套),待售,,建面 90-242㎡
新世界凯粤湾,荔湾,滘口,芳村大道西236号,"住宅,绿化率高,人车分流,品牌房企,入户花园",43000,总价408-690(万/套),在售,"3室,4室",建面 95-133㎡
东方名都,增城,白江,东江大道北8号,"住宅,绿化率高,人车分流,入户花园,健身跑道",19000,总价200-348(万/套),在售,"2室,3室",建面 40-142㎡
广州敏捷绿湖首府,增城,石滩镇,石滩镇新城大道石滩中学北侧400米,"住宅,低单价,低总价,绿化率高,人车分流",10000,总价64-120(万/套),在售,"2室,3室",建面 71-123㎡
顺欣花园,增城,新塘北,荔新十二路98号,"住宅,人车分流,大型社区,儿童乐园,地铁沿线",14800,总价124.3-226(万/套),在售,"2室,3室",建面 80-138㎡
中森茗苑,增城,新塘北,新塘石新路168号,"住宅,人车分流,封闭管理,入户花园,儿童乐园",21000,总价180-194(万/套),在售,3室,建面 85-88㎡
新鸿基御华园,花都,狮岭镇,广州花都狮岭狮岭大道东1号,"住宅,低单价,低总价,人车分流,大型社区",15000,总价88-180(万/套),在售,"2室,3室",建面 67-119㎡
雍晟岭南雅苑,从化,江浦街,江埔街大江路13号,"住宅,绿化率高,人车分流,品牌房企,入户花园",16000,总价145(万/套),在售,,建面 89㎡
霍英东集团·南天名苑,番禺,洛溪,洛浦街洛溪环岛北路8号,"住宅,车位充足,低密居所,国央企,置换改善",90000,总价1120-6300(万/套),在售,"4室,5室",建面 140-480㎡
卓粤卓雅名苑,花都,花城街,建设北路223号,"住宅,低单价,低总价,车位充足,绿化率高",14500,总价130-180(万/套),在售,"2室,3室",建面 77-125㎡
万科幸福誉1期,黄埔,知识城,中新知识城•地铁何棠下站（麦当劳旁）,"住宅,车位充足,绿化率高,国央企,品牌房企",31000,总价550(万/套),在售,4室,建面 66-166㎡
科城山庄峻森园,黄埔,科学城,峻祥路与峻福路交汇处,"住宅,大型社区,近地铁,地铁沿线,大平层",41000,总价530-670(万/套),待售,"3室,4室",建面 63-185㎡
珠江国际城,从化,神岗镇,广州地铁14号线神岗站A出口前行约400米,"住宅,优惠楼盘,低单价,车位充足,绿化率高",9500,总价85-320(万/套),在售,"3室,4室",建面 83-200㎡
宏诚海峰花园,从化,江浦街,广州市从化区江埔街环市东路453号,"住宅,人车分流,封闭管理,健身跑道,贴心物业",112-175,,待售,"2室,3室",建面 79-134㎡
富雅都市华庭,增城,新塘北,汇太东路233号,"住宅,人车分流,大型社区,避暑,儿童乐园",15600,总价65-220(万/套),在售,"1室,3室",建面 38-116㎡
珠光山水御苑,从化,江浦街,广州市从化温泉大道13号,"住宅,低单价,车位充足,绿化率高,健身跑道",8000,总价175(万/套),在售,4室,建面 141-171㎡
致岭假日花园,花都,狮岭镇,花都狮岭大道6号,"住宅,低单价,低总价,车位充足,绿化率高",14500,总价135-190(万/套),在售,"3室,4室",建面 94-111㎡
尚东阳光雅苑,增城,沙村,新塘镇西宁西路618号,"住宅,绿化率高,人车分流,品牌房企,入户花园",14000,总价65-205(万/套),在售,"1室,2室",建面 49-143㎡
荔富湖畔,增城,朱村,朱村街朱村大道东88号,"住宅,车位充足,绿化率高,品牌房企,入户花园",14000,总价142-235(万/套),在售,"3室,4室",建面 104-168㎡
南沙金茂湾,南沙,明珠湾,南沙明珠湾灵山岛尖沙嘴中路以南,"商业类,低总价,车位充足,大型社区,国央企",19000,总价455(万/套),在售,1室,建面 138-230㎡
湾际·滨江,南沙,进港大道,滨海路和倚涛三街交汇处,"住宅,低总价,人车分流,大型社区,品牌房企",26000,总价180-350(万/套),在售,"3室,5室",建面 89-172㎡
海珠湖景峰,海珠,南洲,南洲路761号-819号,"住宅,低总价,车位充足,绿化率高,多轨交汇",38000,总价258(万/套),在售,2室,建面 69-133㎡
臻尚苑,番禺,广州南站,广州市番禺区石壁街道石洲中路100号,"住宅,绿化率高,人车分流,入户花园,中式建筑",43000,总价384-490(万/套),在售,"2室,3室",建面 96-118㎡
合汇·中央广场,增城,荔城中区,荔景大道合汇·中央广场,"住宅,人车分流,大型社区,品牌房企,入户花园",21000,总价267-574(万/套),在售,"2室,3室",建面 78-174㎡
大城云山,从化,太平镇,广从南路1033号,"住宅,绿化率高,低密居所,置换改善,高品质小区",13000,总价250(万/套),在售,3室,建面 121-142㎡
越秀星汇云城,白云,同和,广州大道北同宝路163号,"住宅,车位充足,绿化率高,国央企,入户花园",53000,总价620-720(万/套),在售,4室,建面 78-122㎡
珠江源昌花园,南沙,横沥,珠江街新广三路1号,"住宅,低单价,低总价,绿化率高,人车分流",20000,总价235-250(万/套),在售,"3室,4室",建面 79-123㎡
江源半岛花园,天河,金融城,黄埔大道车陂南路1、3、5、7号(4、5号线地铁交汇处南侧),"住宅,绿化率高,人车分流,品牌房企,近地铁",100000,总价630-963(万/套),在售,"2室,3室",建面 70-127㎡
惠百氏广场,增城,白江,增城新塘大林边路6号（13号线白江站D1口100米）,"住宅,人车分流,大型社区,自持商业,近地铁",16000,总价126-239(万/套),在售,"2室,3室",建面 75-130㎡
仁安花园,增城,朱村,广州市增城区朱村街朱宁公路1号、3号、5号,"住宅,低单价,低总价,绿化率高,人车分流",11000,总价100-110(万/套),在售,"2室,3室",建面 80-93㎡
紫泉流溪湾,从化,太平镇,105国道从化太平段紫泉流溪湾,"住宅,车位充足,绿化率高,入户花园,临近高速",16000,总价195(万/套),在售,,建面 88-203㎡
中泰天境,黄埔,知识城,九龙镇萝岗广汕公路与九龙大道交汇处,"住宅,低单价,低总价,车位充足,绿化率高",23000,总价300(万/套),在售,4室,建面 130㎡
嘉御豪庭,增城,石滩镇,石滩大道南128号,"住宅,低单价,人车分流,大型社区,儿童乐园",12600,总价97-170(万/套),在售,"2室,3室",建面 67-133㎡
远东御江豪庭,荔湾,茶滘,百花路58号（花地河畔）,"住宅,低总价,人车分流,小型社区,休闲会所",40000,总价343(万/套),待售,,建面 85-127㎡
凯德·中新里,黄埔,知识城,广州市黄埔区九龙大道地铁棠下站C口南向100米,"住宅,低单价,低总价,车位充足,绿化率高",21000,总价145-355(万/套),在售,"2室,3室",建面 76-140㎡
顺丰翠园,白云,石井,石井兆丰路120号,"住宅,低单价,低总价,车位充足,绿化率高",29000,总价220-490(万/套),在售,"3室,4室",建面 80-172㎡
中海联南沙国贸中心,南沙,金洲,上隆岭路中海联南沙国贸中心,"商业类,低单价,低总价,人车分流,小型社区",13000,总价68-76(万/套),在售,2室,建面 52-58㎡
家和天曜,天河,黄村,大灵山路430号,"商业类,低总价,绿化率高,人车分流,自持商业",33000,总价140-182(万/套),在售,2室,建面 43-52㎡
中海亚运城,番禺,亚运城,广州市番禺区康体路亚运城销售中心（4号线海傍站A出口）,"住宅,低单价,低总价,绿化率高,人车分流",26000,总价247-700(万/套),在售,"2室,3室",建面 87-250㎡
华标峰湖御境,黄埔,科学城,广州市黄埔区广汕公路与天鹿南路交汇处 广州地铁6号线黄陂地铁站（导航地址：华标峰湖御境售楼部）,"住宅,车位充足,低密居所,置换改善,养老舒适",57000,总价1800-3240(万/套),在售,"4室,8室",建面 328-648㎡
南沙珠江湾,南沙,南沙湾,漾滨路和海滨路交汇处,"商业类,低单价,低总价,人车分流,大型社区",16800,总价60-135(万/套),在售,"1室,2室",建面 35-99㎡
尚上名筑,番禺,亚运城,亚运大道尚上名筑,"住宅,低单价,低总价,绿化率高,人车分流",24000,总价210-360(万/套),在售,"2室,3室",建面 78-137㎡
金泽豪庭,增城,白江,广州市增城区新塘镇金泽路1号,"住宅,人车分流,大型社区,近地铁,地铁沿线",16500,总价144-205(万/套),在售,"3室,4室",建面 53-121㎡
金融街花溪小镇,花都,花东镇,花都大道东228号,"住宅,低单价,低总价,车位充足,绿化率高",10000,总价70-185(万/套),在售,"1室,2室",建面 71-132㎡
华海·悦湾,南沙,南沙港,广州市南沙区黄山鲁森林公园东门,"住宅,低单价,低总价,车位充足,人车分流",18178,总价150-251(万/套),在售,"2室,3室",建面 78-119㎡
中鼎名汇,黄埔,黄埔区府,广东省广州市黄埔区丰乐北路68号,"商业类,低总价,绿化率高,人车分流,贴心物业",23500,总价115-215(万/套),在售,"1室,2室",建面 49-86㎡
越秀星汇海珠湾,海珠,工业大道中,广州市海珠区工业大道中广纸路40号,"商业类,绿化率高,人车分流,国央企,品牌房企",30000,总价290-750(万/套),在售,"3室,4室",建面 33-223㎡
金时花园,增城,荔城增江,增江街纬六路5号,"住宅,低单价,低总价,车位充足,人车分流",9980,总价84-140(万/套),在售,"2室,3室",建面 84-140㎡
石滩第一城,增城,石滩镇,广州市增城区石滩镇立新东路56号,"住宅,低单价,低总价,车位充足,人车分流",12000,总价155-160(万/套),在售,3室,建面 89-132㎡
雅宝新城,花都,秀全街,新华街平步大道中131号,"住宅,低单价,低总价,车位充足,绿化率高",16800,总价169-230(万/套),在售,3室,建面 100-195㎡
山璟轩,增城,新塘南,新塘镇广深大道东107号（新塘牛仔城对面）,"住宅,小型社区,封闭管理,地铁沿线,公交直达",19500,总价155-165(万/套),在售,3室,建面 62-87㎡
汇港威华雅苑,增城,朱村,朱村大道东178号,"住宅,低单价,低总价,车位充足,人车分流",12000,总价136(万/套),在售,3室,建面 85-113㎡
源海仙村一号,增城,石滩镇,荔新大道与仙村大道交汇处,"住宅,低单价,车位充足,人车分流,入户花园",12500,总价138-212(万/套),在售,"2室,3室",建面 86-129㎡
元邦山清水秀,花都,狮岭镇,山前大道1242号,"住宅,低单价,低总价,绿化率高,低密居所",8800,总价94-145(万/套),在售,"3室,4室",建面 95-136㎡
三江盛汇,增城,石滩镇,石滩镇沙庄光明西路100号,"住宅,低单价,低总价,绿化率高,大三居",12000,总价135-173(万/套),待售,,建面 111-144㎡
天马丽苑·悦璟湾,花都,铁路西,新街大道望亭路8号,"住宅,车位充足,绿化率高,置换改善,养老舒适",32000,总价360-482(万/套),在售,4室,建面 99-145㎡
合和新城,花都,镜湖大道,广东省广州市花都区迎宾大道3号,"住宅,车位充足,大型社区,近地铁,地铁沿线",21500,总价180-457(万/套),在售,"2室,3室",建面 75-207㎡
南沙湾御苑,南沙,南沙港,进港大道和港前大道交汇处,"住宅,车位充足,低密居所,置换改善,养老舒适",22000,总价400-920(万/套),在售,"3室,5室",建面 103-229㎡
叠溪花园,增城,朱村,朱村街道朱石路以东,"住宅,低单价,低总价,车位充足,人车分流",10500,总价96-122(万/套),在售,3室,建面 77-126㎡
大宏锦绣,南沙,南沙湾,环市大道南南沙小学对面300米处,"住宅,车位充足,人车分流,自持商业,近地铁",25000,总价310-360(万/套),在售,"3室,4室",建面 123-142㎡
绿地珑玥府,增城,荔城增江,大道南（纬四路口）,"住宅,车位充足,人车分流,国央企,品牌房企",17000,总价168-250(万/套),在售,"3室,4室",建面 98-138㎡
增城一品山湖,增城,荔城增江,增江街初溪村（广东工业大学华立学院旁和新建的北汽汽车城对面）,"住宅,低单价,低总价,人车分流,大型社区",11000,总价121-180(万/套),在售,"3室,4室",建面 107-149㎡
中交汇通中心,南沙,明珠湾,江灵北路和纵三路交汇处,"底商,车位充足,人车分流,国央企,品牌房企",38000,总价400(万/套),在售,,
合生湖山国际,增城,凤凰城,广州增城新塘镇陈家林路合生湖山国际营销中心,"住宅,大型社区,封闭管理,品牌房企,儿童乐园",16500,总价132-225(万/套),在售,"2室,3室",建面 80-135㎡
众筑•东山学府,越秀,环市东,东风东路737号（东风东路小学对面）,"住宅,人车分流,小型社区,近地铁,多轨交汇",价格待定,,待售,,建面 42-61㎡
万科海上传奇,荔湾,芳村,芳村大道珠江隧道口以西,"底商,车位充足,小型社区,国央企,品牌房企",价格待定,,待售,,
嘉东广场,从化,旺城片区,从城大道旁（大广高速城郊出口右转600米）,"商业类,绿化率高,人车分流,儿童乐园,公交直达",12000,总价98-153(万/套),在售,"2室,3室",建面 81-127㎡
合景誉山国际,增城,永宁,新新公路合景誉山国际,"商业类,低单价,低总价,绿化率高,人车分流",8500,总价43(万/套),在售,2室,建面 32-49㎡
腾步大厦,花都,旧区,迎宾大道4号,"商业,小型社区,公交直达,综合商场,超市",价格待定,,待售,,
腾步大厦,花都,旧区,迎宾大道4号,"写字楼,小型社区,公交直达,综合商场,超市",价格待定,,待售,,
广州国际空港中心,花都,镜湖大道,迎宾大道以南,"商业类,低单价,低总价,绿化率高,人车分流",12000,总价46(万/套),在售,,建面 35-41㎡
都湖国际,花都,旧区,新华路96号,"住宅,车位充足,绿化率高,品牌房企,地铁沿线",28000,总价420-938(万/套),在售,"3室,5室",建面 82-247㎡
招商臻园,增城,新塘北,广园快速荔新出口新塘万达旁,"住宅,车位充足,人车分流,国央企,品牌房企",18000,总价270-345(万/套),在售,"3室,4室",建面 95-143㎡
东江逸珑湾,增城,新塘南,沿江大道39号（甘泉小学东侧）,"住宅,人车分流,大型社区,品牌房企,贴心物业",21000,总价240-350(万/套),在售,"3室,4室",建面 89-162㎡
世茂珠江天鹅湾,海珠,工业大道北,革新路126号,"住宅,车位充足,绿化率高,品牌房企,健身跑道",130000,总价3000(万/套),待售,,建面 237-294㎡
敏捷尚品国际,南沙,进港大道,进港大道183号,"商业类,低单价,低总价,大型社区,品牌房企",10000,总价65(万/套),在售,2室,建面 57-93㎡
越秀臻悦府,花都,镜湖大道,花都湖•凤凰南路,"住宅,车位充足,绿化率高,国央企,品牌房企",30000,总价330-370(万/套),在售,4室,建面 100-120㎡
珠江花城,天河,黄村,东圃岐山183号,"住宅,绿化率高,人车分流,国央企,品牌房企",57000,总价390-900(万/套),在售,"3室,4室",建面 76-140㎡
保利金沙大都汇,白云,金沙洲,环洲二路86号（沙贝地铁站A1出口）,"商业,低总价,车位充足,人车分流,国央企",70000,总价580(万/套),在售,,
花悦台,花都,狮岭镇,狮岭金狮大道四街花悦台销售中心,"住宅,低单价,低总价,人车分流,小型社区",9000,总价80-81(万/套),在售,3室,建面 83-93㎡
逸合中心,荔湾,鹤洞,浣花路荔湾儿童公园西侧,"商业类,低总价,人车分流,封闭管理,品牌房企",34000,总价150-160(万/套),在售,3室,建面 30-59㎡
星图TOD,增城,新塘北,地铁13号线官湖车辆段（官湖站B出口）,"住宅,车位充足,人车分流,国央企,品牌房企",21000,总价221-391(万/套),在售,"1室,2室",建面 78-135㎡
粤泰荣廷府,越秀,东川路,东华西路52-56号,"住宅,人车分流,小型社区,品牌房企,近地铁",价格待定,,待售,,
中洲公馆,番禺,市桥,市桥北桥路1号,"商业类,车位充足,绿化率高,品牌房企,贴心物业",35000,总价147(万/套),在售,,建面 42-84㎡
天河金街,天河,天润路,天河北路曜一城广场负一楼,"商业,车位充足,小型社区,近地铁,地铁沿线",价格待定,,待售,,
美的云筑,南沙,鱼窝头,广州市南沙区东涌镇鱼窝头体育文化广场对面,"住宅,低单价,低总价,车位充足,绿化率高",21000,总价200-260(万/套),在售,"3室,4室",建面 83-127㎡
祈福万景峰,花都,铁路西,新华街望岗路6号,"住宅,低单价,低总价,人车分流,大型社区",15900,总价95-258(万/套),在售,"2室,3室",建面 60-143㎡
侨建御溪谷北区,增城,中新镇,风光路399号,"住宅,车位充足,绿化率高,置换改善,近地铁",24000,总价680(万/套),在售,4室,建面 285㎡
天睿,番禺,会江,石北工业路（大石地铁站与会江地铁站之间）,"商业类,绿化率高,人车分流,置换改善,贴心物业",22000,总价85-1280(万/套),在售,"2室,3室",建面 37-185㎡
临港国际商务大厦,南沙,万顷沙,龙穴大道中123号,"写字楼,小型社区,公交直达,近主干道,现房",23000,,待售,,
珠江铂世湾,番禺,雅居乐,万博.江山高尔夫俱乐部东侧,"住宅,车位充足,绿化率高,品牌房企,入户花园",45000,总价450-570(万/套),在售,"3室,4室",建面 105-138㎡
淘金半山御庭,越秀,淘金,淘金西街18号,"住宅,绿化率高,人车分流,贴心物业,近地铁",110000,总价1053-3400(万/套),在售,"3室,4室",建面 102-205㎡
汇金国际金融中心,天河,金融城,黄埔大道中660号,"写字楼,车位充足,人车分流,国央企,品牌房企",50000,总价405(万/套),在售,,
汇金国际金融中心,天河,金融城,黄埔大道中660号,"商业,车位充足,大型社区,国央企,品牌房企",43000,总价800(万/套),在售,,
合家和府,从化,旺城片区,城郊街城新路136号,"住宅,车位充足,绿化率高,儿童乐园,公交直达",12000,总价145-186(万/套),在售,"2室,3室",建面 90-124㎡
保利金沙大都汇,白云,金沙洲,环洲二路86号（沙贝地铁站A1出口）,"商业类,人车分流,大型社区,国央企,品牌房企",27000,总价81-140(万/套),在售,2室,建面 30-85㎡
中交汇通中心,南沙,明珠湾,江灵北路和纵三路交汇处,"商业类,低总价,人车分流,大型社区,国央企",22000,总价88-183(万/套),在售,1室,建面 49-102㎡
香江天赋,增城,凤凰城,广园东开创大道北埔南路翡翠绿洲内部,"住宅,车位充足,人车分流,品牌房企,健身跑道",27000,总价280(万/套),在售,"4室,5室",建面 88-204㎡
惠百氏广场,增城,白江,广深大道西180,"商业,大型社区,近地铁,地铁沿线,已交房2年内",价格待定,,在售,,
广州钢铁博汇,黄埔,开发西区,广州经济技术开发区西基工业区西基路,"商业,低总价,大型社区,国央企,品牌房企",32000,总价345(万/套),待售,,
建发央玺,白云,石井,石潭路568号,"住宅,车位充足,人车分流,国央企,品牌房企",40000,总价780(万/套),在售,5室,建面 98-196㎡
祈福黄金海岸,花都,赤坭镇,赤泥镇培正大道集益水库（培正学院旁）,"住宅,低单价,低总价,绿化率高,低密居所",7888,总价57-119(万/套),在售,"2室,3室",建面 73-151㎡
首创碧桂园悦山府,增城,荔城增江,增江区狮尾路2号,"住宅,低单价,低总价,车位充足,绿化率高",11000,总价110-135(万/套),在售,"3室,4室",建面 97-114㎡
沁园,黄埔,香雪,开源大道201号,"商业类,车位充足,绿化率高,置换改善,休闲会所",66000,总价1200-2600(万/套),在售,"3室,4室",建面 170-367㎡
海航白云YH城,白云,夏茅,鹤龙一路208号,"商业,小型社区,品牌房企,地铁沿线,公交直达",价格待定,,待售,,
仟信广场,从化,河滨北路,仟信街12号,"住宅,车位充足,绿化率高,儿童乐园,近地铁",13600,总价170-330(万/套),在售,"3室,4室",建面 108-150㎡
中冶·逸璟台,黄埔,科学城,永顺大道长岭路以北（长岭居小学西北侧300米）,"住宅,车位充足,绿化率高,国央企,品牌房企",50000,总价1000(万/套),在售,5室,建面 96-212㎡
合汇璟园,增城,增城碧桂园,荔城街荔湖大道397号,"商业类,车位充足,人车分流,置换改善,品牌房企",35000,总价800-1000(万/套),在售,4室,建面 207-250㎡
康大龙祥汇,黄埔,知识城,中新知识城旺村地铁站旁,"住宅,低总价,车位充足,绿化率高,国央企",50000,总价410-780(万/套),在售,4室,建面 106-174㎡
保利时代,从化,江浦街,广东省广州市从化区灌村路凤鸣西四街5号,"住宅,低总价,车位充足,绿化率高,国央企",12500,总价78-310(万/套),在售,"2室,3室",建面 61-113㎡
中国中铁·诺德名著,增城,荔城西区,荔城街明慧路12号,"住宅,车位充足,人车分流,国央企,品牌房企",18000,总价215-280(万/套),在售,"3室,4室",建面 98-128㎡
珠光御景壹號,荔湾,黄沙,黄沙大道15-17号,"商业类,绿化率高,人车分流,休闲会所,自持商业",65000,总价300-640(万/套),在售,"1室,3室",建面 50-100㎡
方舟公馆,荔湾,东塱,东沙大道16号,"商业,车位充足,人车分流,贴心物业,自持商业",价格待定,,在售,,
岭南V谷,荔湾,菊树,花地大道南657号,"写字楼,人车分流,大型社区,国央企,品牌房企",20000,总价150(万/套),在售,,
岭南V谷,荔湾,菊树,花地大道南657号,"商业类,低单价,低总价,绿化率高,人车分流",21000,总价100-120(万/套),在售,"1室,2室",建面 45-55㎡
大壮名城,黄埔,科学城,开泰大道与科丰路交汇处,"住宅,车位充足,绿化率高,自持商业,近地铁",55000,总价385-1800(万/套),在售,"3室,4室",建面 74-256㎡
天健云山府,白云,白云大道南,白云大道南397号,"住宅,车位充足,人车分流,国央企,品牌房企",110000,总价1111-1496(万/套),在售,"3室,4室",建面 75-144㎡
百花山庄,增城,荔城西区,百花路88号,"住宅,车位充足,绿化率高,置换改善,私属庭院",20000,总价185-445(万/套),在售,"3室,4室",建面 95-255㎡
保利中海金地·大国璟,增城,荔城西区,增城大道南467号,"住宅,低总价,车位充足,大型社区,国央企",14000,总价110-220(万/套),在售,"3室,4室",建面 73-124㎡
时代绿庭山语,南沙,大岗镇,潭灵大道大岗镇政府旁,"住宅,低单价,低总价,绿化率高,人车分流",21000,总价185-270(万/套),待售,"2室,3室",建面 43-120㎡
广地花园,番禺,星河湾,广州番禺华快出口左侧,"住宅,低总价,车位充足,低密居所,置换改善",35000,总价250-600(万/套),在售,"2室,3室",建面 74-167㎡
天健云山府,白云,白云大道南,白云大道南397号,"底商,车位充足,人车分流,国央企,品牌房企",60000,总价350(万/套),在售,,
越秀星汇海珠湾204地块滨水独栋商业,海珠,工业大道中,广州市海珠区广纸路40号,"商业,大型社区,国央企,品牌房企,近地铁",62000,总价4050(万/套),在售,,
广州大学城智慧谷,番禺,国际创新城,曾边大街思科智慧城,"写字楼,人车分流,大型社区,品牌房企,入户花园",28600,总价1500(万/套),在售,1室,建面 340㎡
星悦轩,白云,马务,黄石西顺兴路31-35号,"住宅,低总价,车位充足,人车分流,地铁沿线",32000,总价282-362(万/套),在售,3室,建面 74-110㎡
鸿成珠江玥,南沙,万顷沙,广州市珠江街新广六路112号,"住宅,低单价,低总价,绿化率高,低密居所",19000,总价165-225(万/套),在售,"2室,3室",建面 77-100㎡
中海熙园,南沙,东涌,东涌吉祥西路（文化广场旁）,"住宅,绿化率高,低密居所,国央企,置换改善",48000,总价450-830(万/套),在售,"4室,5室",建面 88-131㎡
保利国际金融中心（花都）,花都,花城街,三东大道以北、天贵路以西，花都三东大道与天贵路交汇处（区政府旁）,"写字楼,车位充足,人车分流,国央企,品牌房企",18000,总价310-940(万/套),在售,1室,建面 166-528㎡
新世界云逸,白云,嘉禾望岗,白云新城CBD嘉禾望岗地铁A出口300米,"底商,大型社区,品牌房企,近地铁,地铁沿线",价格待定,,待售,,
美的云筑,南沙,鱼窝头,鱼窝头体育文化广场对面,"商业,人车分流,小型社区,品牌房企,健身跑道",价格待定,,待售,,
鸿成珠江玥,南沙,万顷沙,珠江街西新二路（西新社区旁）,"商业,小型社区,地铁沿线,公交直达,现房",价格待定,,待售,,
中交蓝色海湾,南沙,南沙港,港前大道南沙客运港对面,"商业,车位充足,大型社区,国央企,品牌房企",价格待定,,待售,,
中交蓝色海湾,南沙,南沙港,港前大道南沙客运港对面,"写字楼,车位充足,大型社区,国央企,品牌房企",价格待定,,待售,,
大壮国际广场,黄埔,科学城,开泰大道601号,"商业,大型社区,近地铁,地铁沿线,综合商场",价格待定,,待售,,
合家和府,从化,旺城片区,城郊街城新路136号,"商业,人车分流,小型社区,公交直达,开发区",价格待定,,待售,,
嘉骏幸福里,从化,旧城区,广州市从化区城郊安园街43号,"商业,人车分流,小型社区,健身跑道,贴心物业",价格待定,,待售,,
华润置地润悦,增城,荔城西区,增城大道475号,"住宅,低单价,低总价,车位充足,人车分流",12500,总价115-270(万/套),在售,"3室,4室",建面 80-140㎡
越秀臻悦府,花都,镜湖大道,"凤凰南路, 越秀臻悦府","商业,车位充足,人车分流,国央企,品牌房企",价格待定,,待售,,
广州敏捷绿湖首府,增城,石滩镇,挂绿新城石滩广场旁(地铁16号线石滩站),"商业,人车分流,大型社区,品牌房企,健身跑道",25000,总价400(万/套),在售,1室,建面 338㎡
时代绿庭山语,南沙,大岗镇,潭灵大道大岗镇政府旁,"商业,车位充足,人车分流,品牌房企,健身跑道",25000,总价200(万/套),待售,,
源海仙村一号,增城,石滩镇,荔新大道与仙村大道交汇处,"商业,车位充足,人车分流,水系园林,公交直达",20000,总价280(万/套),在售,,
阳光城兰园翡澜花园,花都,新区,凤凰南路汇沣水产市场B栋喜盟国际影城东侧50米处,"住宅,车位充足,绿化率高,品牌房企,近地铁",25000,总价230-370(万/套),在售,"3室,4室",建面 90-122㎡
金时花园,增城,荔城增江,增江街纬六路5号,"商业,车位充足,人车分流,品牌房企,入户花园",14000,总价130-171(万/套),在售,1室,建面 86-121㎡
招商金茂保利和府,从化,旧城区,和鸣路,"住宅,绿化率高,人车分流,国央企,品牌房企",15000,总价110-195(万/套),在售,"3室,4室",建面 68-120㎡
合景朗云花园,白云,夏茅,机场路3080号夏茅地铁站旁,"住宅,低单价,低总价,车位充足,绿化率高",30000,总价280-360(万/套),在售,4室,建面 91-121㎡
伟腾云星,白云,黄边,鹤龙一路766-782号,"住宅,低总价,车位充足,绿化率高,入户花园",45000,总价295-525(万/套),在售,"2室,3室",建面 82-130㎡
尊悦台,南沙,大岗镇,广州市南沙区康宁路与荔湾路交叉路口往西约50米,"住宅,低单价,低总价,车位充足,人车分流",17500,总价150-230(万/套),在售,"2室,3室",建面 81-124㎡
颐德湾尚,南沙,明珠湾,建设一路（南沙体育馆北侧）,"住宅,车位充足,绿化率高,国央企,品牌房企",30000,总价703-1272(万/套),在售,"3室,4室",建面 142-265㎡
颐德湾尚,南沙,明珠湾,建设一路（南沙体育馆北侧）,"商业,人车分流,大型社区,国央企,品牌房企",价格待定,,待售,,
颐德湾尚,南沙,明珠湾,建设一路（南沙体育馆北侧）,"写字楼,人车分流,大型社区,国央企,品牌房企",价格待定,,待售,,
时代四季奕居,越秀,水荫,环市东水荫路70号,"住宅,绿化率高,人车分流,国央企,品牌房企",价格待定,,在售,,
嘉河湾8号,花都,铁路西,荔红北路8号,"住宅,低单价,低总价,车位充足,绿化率高",13500,总价125-335(万/套),在售,"2室,3室",建面 96-149㎡
品秀·星瀚,番禺,广州南站,番禺区石北工业路,"住宅,低总价,车位充足,人车分流,国央企",35000,总价260-460(万/套),在售,"2室,3室",建面 73-115㎡
天马河·名荟,花都,铁路西,荔红南路2号,"住宅,低单价,低总价,小型社区,封闭管理",14500,总价68-150(万/套),在售,"1室,2室",建面 47-79㎡
富城华庭,增城,荔城增江,广汕公路增江小学西侧,"住宅,低单价,低总价,车位充足,人车分流",9000,总价79-156(万/套),在售,"2室,3室",建面 99-156㎡
中铁诺德·阅泷,白云,江高镇,江高镇广花路430号,"住宅,低单价,低总价,车位充足,人车分流",24000,总价165-350(万/套),在售,"2室,3室",建面 79-129㎡
品实·云湖花城,白云,石井,石沙路,"住宅,低总价,绿化率高,人车分流,国央企",35000,总价265-630(万/套),在售,"3室,4室",建面 70-141㎡
港航中心,黄埔,鱼珠,黄埔大道东983号,"商业类,绿化率高,人车分流,国央企,品牌房企",40000,总价270-621(万/套),在售,"2室,3室",建面 60-138㎡
时代印记,黄埔,知识城,广东省广州市黄埔区亨美西路,"住宅,低单价,低总价,绿化率高,人车分流",18000,总价155-245(万/套),在售,"3室,4室",建面 87-136㎡
珠光金融城壹号,天河,东圃,黄埔大道东724号,"写字楼,低单价,车位充足,人车分流,品牌房企",5000,总价3700-4000(万/套),在售,"3室,4室",建面 232-261㎡
凯德凯荔花园,增城,荔城西区,明慧路3号,"住宅,车位充足,人车分流,品牌房企,健身跑道",15500,总价140-225(万/套),在售,"3室,4室",建面 86-134㎡
越秀逸泉锦翠,从化,江浦街,环市东路广外实验小学东侧,"住宅,低总价,绿化率高,人车分流,国央企",9800,总价79-105(万/套),在售,"3室,4室",建面 71-92㎡
中国铁建海语熙岸,南沙,南沙区府,广州市南沙区美心路中国铁建海语熙岸,"住宅,车位充足,绿化率高,国央企,品牌房企",30000,总价268-730(万/套),在售,"3室,4室",建面 89-260㎡
富力新城,黄埔,开发东区,黄埔区东鹏大道与宏明路交界处（富力新城销售中心）,"住宅,低单价,低总价,绿化率高,人车分流",25000,总价170-310(万/套),在售,"2室,3室",建面 73-120㎡
天河云商汇,天河,智慧城,华观路,"商业类,低总价,人车分流,封闭管理,自持商业",36000,总价160-260(万/套),在售,"1室,3室",建面 32-58㎡
天麟府,天河,天河公园,黄埔大道中,"住宅,车位充足,绿化率高,品牌房企,贴心物业",150000,总价1700-2580(万/套),在售,"3室,4室",建面 113-213㎡
珠光云山壹号,白云,同和,广州大道北云灏街157医院地块,"住宅,车位充足,绿化率高,置换改善,高品质小区",100000,总价1700(万/套),在售,4室,建面 215㎡
加富花园,番禺,石碁,莲塘路3号,"住宅,低单价,低总价,低密居所,人车分流",24500,总价203-278(万/套),在售,"2室,3室",建面 51-118㎡
越秀臻裕府,花都,镜湖大道,凤凰南路,"住宅,车位充足,绿化率高,国央企,品牌房企",28000,总价260-350(万/套),在售,"3室,4室",建面 98-124㎡
保利335金融中心,增城,凤凰城,汽车城大道57号,"写字楼,车位充足,大型社区,国央企,品牌房企",价格待定,,待售,,
越秀·天荟江湾,海珠,工业大道南,瑞宝路12号,"商业,人车分流,大型社区,国央企,品牌房企",价格待定,,待售,,
番禺敏捷广场,番禺,万博,番禺大道北331号,"写字楼,人车分流,大型社区,品牌房企,近地铁",价格待定,,待售,,
珠江未来城,番禺,莲花山,广东省广州市番禺区石楼镇胜洲村龙启路80号,"商业,低总价,人车分流,大型社区,品牌房企",20000,总价750(万/套),在售,5室,建面 335㎡
珠江时光荟,增城,永宁,广东省广州市增城区永宁街道创优路,"住宅,低单价,低总价,车位充足,人车分流",11200,总价78-125(万/套),在售,"3室,4室",建面 66-96㎡
广垦天河1号,天河,沙太南,怡新路广垦天河1号,"商业,人车分流,小型社区,国央企,品牌房企",价格待定,,待售,,
珠江未来城,番禺,莲花山,广东省广州市番禺区金荷三路,"写字楼,人车分流,大型社区,品牌房企,公交直达",价格待定,,待售,,
广深恒大国际旅游城,南沙,万顷沙,南沙万环西路广深恒大国际旅游城,"酒店式公寓,小型社区,国央企,品牌房企,loft",价格待定,,待售,,
凤凰瑞景,花都,新区,广州市花都区凤凰北路45号,"住宅,车位充足,绿化率高,入户花园,水系园林",28000,总价230-750(万/套),在售,"2室,3室",建面 84-220㎡
卓越招商臻珑府,黄埔,夏园,5号线庙头路站旁,"住宅,绿化率高,人车分流,国央企,品牌房企",40000,总价420(万/套),在售,4室,建面 78-115㎡
中旅天宸府,海珠,沙园,广东省广州市海珠区昌岗中路86号,"住宅,车位充足,人车分流,国央企,品牌房企",56500,总价450-850(万/套),在售,"3室,4室",建面 82-144㎡
合景臻溋名铸,天河,东圃,黄埔大道东合景臻溋名铸,"住宅,车位充足,绿化率高,品牌房企,入户花园",价格待定,,在售,,
富力富云山,白云,江夏,广东省广州市白云区白云大道北179号,"住宅,绿化率高,人车分流,品牌房企,近地铁",73000,总价870-1400(万/套),在售,"3室,4室",建面 120-190㎡
智通广场,海珠,琶洲东,安悦路智通广场,"写字楼,国央企,品牌房企,近地铁,地铁沿线",价格待定,,待售,,
珠江海珠里,海珠,江燕路,燕子岗路68号,"住宅,车位充足,绿化率高,国央企,品牌房企",45000,总价320-600(万/套),在售,"2室,3室",建面 75-129㎡
中绿蔚蓝湾,南沙,南沙港,商贸大道中绿蔚蓝湾,"住宅,车位充足,绿化率高,国央企,品牌房企",26000,总价220-380(万/套),在售,"3室,5室",建面 89-132㎡
广深恒大国际旅游城,南沙,万顷沙,南沙万环西路广州恒大国际旅游城,"写字楼,小型社区,国央企,品牌房企",价格待定,,待售,,
中新紫荆府,增城,中新镇,广东省广州市增城区城高路,"住宅,低单价,低总价,人车分流,大型社区",12000,总价88-146(万/套),在售,"2室,3室",建面 74-122㎡
云谷梦筑,从化,良口镇,广东省广州市从化区,"商业类,绿化率高,人车分流,国央企,品牌房企",13500,总价96-140(万/套),在售,"2室,4室",建面 69-99㎡
中新智慧园,黄埔,知识城,广州市黄埔区腾龙大道与凤湖中路交汇处南侧,"写字楼,车位充足,人车分流,品牌房企,近地铁",价格待定,,待售,,
合景臻溋名铸,天河,东圃,黄埔大道东合景臻溋名铸,"商业,车位充足,人车分流,品牌房企,休闲会所",价格待定,,在售,,
天河合生缦云,天河,黄村,广东省广州市天河区,"住宅,车位充足,绿化率高,健身跑道,儿童乐园",90000,总价1200-4000(万/套),在售,"3室,4室",建面 145-315㎡
中新智慧园,黄埔,知识城,广州市黄埔区腾龙大道与凤湖中路交汇处南侧,"商业,车位充足,人车分流,品牌房企,近地铁",价格待定,,待售,,
汇金中心,天河,金融城,天河广州市天河区黄埔大道与科韵路交界,"写字楼,人车分流,封闭管理,国央企,品牌房企",50000,总价850(万/套),在售,,
时代天韵（黄埔）,黄埔,香雪,广州·黄埔科学城·开源大道·2号线(开源大道东站),"住宅,低单价,低总价,车位充足,绿化率高",29000,总价310-450(万/套),在售,"3室,4室",建面 81-110㎡
越秀TOD星航,黄埔,夏园,广东省广州市黄埔区黄埔东路2009,"住宅,低总价,车位充足,绿化率高,国央企",33000,总价300-500(万/套),在售,"3室,4室",建面 88-141㎡
保利天汇,天河,黄村,大观中路保利天汇,"商业类,低总价,人车分流,小型社区,国央企",35000,总价60-70(万/套),在售,1室,建面 21-24㎡
保利天汇,天河,黄村,大观中路保利天汇,"写字楼,人车分流,大型社区,国央企,品牌房企",40000,总价8000(万/套),待售,,
南方智媒大厦,黄埔,鱼珠,广东省广州市黄埔区黄埔大道东,"写字楼,车位充足,人车分流,国央企,品牌房企",37779,总价1080-1300(万/套),在售,0室,建面 348-413㎡
广州空港融创中心,白云,花东镇,广州空港经济区3号线及9号线高增地铁站旁,"写字楼,人车分流,大型社区,品牌房企,地铁沿线",价格待定,,待售,,
美的江上沄启,南沙,明珠湾,横沥镇晓风印月东三街1号,"商业类,低总价,人车分流,封闭管理,品牌房企",19500,总价65(万/套),在售,2室,建面 37-62㎡
创基天璟,增城,荔城西区,增城大道72号,"住宅,车位充足,人车分流,品牌房企,贴心物业",15800,总价150-163(万/套),在售,"3室,4室",建面 92-102㎡
明珠花园,海珠,东晓路,广东省广州市海珠区东晓路205号,"住宅,封闭管理,多轨交汇,地铁沿线,小三居",42000,总价398-620(万/套),在售,"3室,4室",建面 93-103㎡
旭辉光屿南方,白云,钟落潭,广东省广州市白云区钟落潭镇,"住宅,特价好房,低单价,绿化率高,人车分流",15000,总价135-200(万/套),在售,"3室,4室",建面 75-114㎡
越秀·天荟江湾,海珠,工业大道南,瑞宝路12号,"商业类,低总价,人车分流,大型社区,国央企",25000,总价80-1600(万/套),在售,"2室,3室",建面 36-293㎡
中交国际邮轮广场,南沙,南沙港,广州市南沙区港前大道南沙科技馆对面,"商业类,车位充足,人车分流,国央企,品牌房企",25000,总价175-400.2(万/套),在售,"2室,3室",建面 66-482㎡
东方名都,增城,白江,"东江大道北8-68号, 大林边一路9-47号","底商,人车分流,大型社区,入户花园,健身跑道",23000,,在售,,
景业壹方天地,增城,石滩镇,新城大道景业壹方天地,"住宅,低单价,低总价,车位充足,封闭管理",13000,总价100-140(万/套),在售,"2室,3室",建面 77-105㎡
龙湖金地天峯,番禺,番禺客运站,傍雁路龙湖金地天峯,"住宅,人车分流,大型社区,品牌房企,公交直达",38000,总价500-510(万/套),在售,4室,建面 90-142㎡
叠溪花园,增城,朱村,朱村街道朱石路以东,"商业,车位充足,人车分流,品牌房企,健身跑道",价格待定,,待售,,
广州空港融创中心,白云,花东镇,机场高速广州空港融创中心,"商业类,人车分流,大型社区,品牌房企,地铁沿线",15000,总价50-100(万/套),待售,"1室,2室",建面 32-76㎡
香江悦府,增城,朱村,广州绿道香江悦府,"住宅,车位充足,人车分流,品牌房企,地铁沿线",110,,待售,"3室,4室",建面 76-101㎡
金海岸花园云起兴泰,番禺,番禺客运站,兴泰路金海岸花园云起兴泰,"住宅,车位充足,绿化率高,品牌房企,公交直达",43000,总价193-620(万/套),在售,"1室,2室",建面 52-137㎡
五矿招商江天际,白云,石井,五矿招商江天际美学体验馆,"住宅,低总价,人车分流,大型社区,国央企",48000,总价350-800(万/套),在售,"3室,4室",建面 78-140㎡
合景尚悦,从化,鳌头镇,广州市从化区鳌头镇城鳌大道中与神棋路口交汇处,"住宅,绿化率高,人车分流,品牌房企",价格待定,,待售,,
新城翡丽云境,白云,钟落潭,广东省广州市白云区福龙路24,"住宅,低单价,低总价,车位充足,绿化率高",16000,总价120-185(万/套),在售,"3室,4室",建面 76-110㎡
中海观澔府,海珠,工业大道南,广东省广州市海珠区石岗大街,"住宅,绿化率高,人车分流,国央企,品牌房企",80000,总价800-1000(万/套),在售,4室,建面 89-126㎡
珠江西湾里,荔湾,西村,西湾横路珠江西湾里,"住宅,低总价,绿化率高,人车分流,国央企",42000,总价274-470(万/套),在售,"2室,3室",建面 62-89㎡
越秀·万博·瑞麓府,番禺,汉溪长隆,广东省广州市番禺区欢乐大道,"住宅,车位充足,绿化率高,置换改善,高品质小区",48000,总价650-1550(万/套),在售,"4室,5室",建面 116-253㎡
越秀·天瀛,荔湾,龙溪,海龙路越秀天瀛,"住宅,低总价,车位充足,绿化率高,国央企",32000,总价300-480(万/套),在售,"3室,4室",建面 87-125㎡
越秀星寰TOD,番禺,钟村,广州市番禺区钟村街博鸿三路38号,"住宅,低总价,车位充足,绿化率高,国央企",36000,总价315-452(万/套),在售,"3室,4室",建面 89-133㎡
奥飞文创中心,黄埔,知识城,创新大道以西、凤湖二路以北,"商业类,低单价,低总价,车位充足,绿化率高",15000,总价65-80(万/套),在售,2室,建面 43-53㎡
珠江海御,南沙,南沙湾,海滨路珠江海御,"住宅,车位充足,绿化率高,品牌房企,地铁沿线",28000,总价320-580(万/套),在售,"3室,4室",建面 110-195㎡
敏捷尚品国际,南沙,进港大道,南沙区进港大道187号北侧,"商业,低单价,低总价,人车分流,大型社区",9500,总价65-76(万/套),在售,"1室,2室",建面 59-69㎡
嘉裕中心J公馆,天河,珠江新城中,珠江东路421号,"商业类,车位充足,人车分流,品牌房企,私属庭院",95000,总价660-2300(万/套),在售,1室,建面 69-179㎡
华新方圆·333,海珠,江燕路,海珠区工业大道中333号,"商业类,低总价,绿化率高,人车分流,品牌房企",38000,总价130-205(万/套),在售,"1室,2室",建面 33-58㎡
四方天地,增城,朱村,荔富汇景华庭,"住宅,车位充足,低密居所,置换改善,养老舒适",18000,总价170-226(万/套),在售,"3室,4室",建面 89-126㎡
保利南方财经大厦,天河,金融城,天河国际金融城金融方城（近临江大道）,"写字楼,人车分流,封闭管理,国央企,品牌房企",42000,总价1600(万/套),在售,6室,建面 353㎡
保利中海金地·大国璟,增城,荔城西区,广汕公路保利中海金地·大国璟增城大道471号,"底商,车位充足,人车分流,国央企,品牌房企",22000,总价100(万/套),待售,,
卓越晴翠府,番禺,桥南,广州市番禺区桥南联兴路28号,"住宅,低单价,低总价,车位充足,人车分流",28000,总价200-385(万/套),在售,"2室,3室",建面 76-130㎡
保利锦绣公馆,白云,南湖,大源南路84号,"商业类,绿化率高,人车分流,国央企,品牌房企",21000,总价70-110(万/套),待售,,建面 33-50㎡
招商电建南国·雍云邸,白云,石井,广东省广州市白云区石沙路石井工业区八横路,"住宅,低单价,低总价,绿化率高,人车分流",27500,总价215-295(万/套),在售,"3室,4室",建面 76-105㎡
耀胜新世界广场·耀胜尊府,番禺,汉溪长隆,汉兴西路耀胜新世界广场,"住宅,车位充足,人车分流,品牌房企,近地铁",65000,总价500-810(万/套),在售,"3室,4室",建面 77-132㎡
徐福上坤云境风华,增城,朱村,朱村大道中徐福上坤云境风华,"住宅,车位充足,人车分流,品牌房企,近地铁",价格待定,,待售,,
广州幸福湾,荔湾,东塱,汇盛路广州幸福湾,"住宅,车位充足,绿化率高,地铁沿线,大平层",80000,总价2250-2650(万/套),在售,"4室,5室",建面 255-285㎡
招商保利海珠天珺,海珠,黄埔村,海珠区新港东路招商保利·海珠天珺项目部,"住宅,车位充足,人车分流,国央企,品牌房企",100000,总价1900(万/套),在售,4室,建面 137-262㎡
首铸·铂瑞云湾,番禺,石楼,莲港大道与庄园路交汇,"住宅,低单价,低总价,车位充足,绿化率高",24000,总价200-490(万/套),在售,"3室,4室",建面 86-154㎡
越秀星耀TOD,增城,新塘北,环城路越秀·星耀TOD,"住宅,车位充足,人车分流,近地铁,地铁沿线",20000,总价200-250(万/套),在售,"3室,4室",建面 100-125㎡
广州城投·禧悦府,增城,凤凰城,汽车城大道广州城投禧悦府,"住宅,车位充足,人车分流,国央企,品牌房企",29000,总价265-440(万/套),在售,"2室,3室",建面 89-146㎡
华润置地金沙瑞府,白云,金沙洲,广州市白云区金沙洲浔峰山东路西北侧,"住宅,车位充足,绿化率高,国央企,置换改善",50000,总价650(万/套),在售,4室,建面 143㎡
建发明珠湾玺,南沙,明珠湾,凤凰大道凤凰二桥地铁18号线横沥站旁约250米处,"住宅,车位充足,人车分流,国央企,品牌房企",31000,总价370-530(万/套),在售,4室,建面 88-142㎡
深业颐泽府,南沙,明珠湾,凤凰大道深业颐泽府,"住宅,车位充足,绿化率高,国央企,品牌房企",37000,总价340-720(万/套),在售,4室,建面 103-190㎡
华宇·锦绣云赋,从化,旧城区,从城大道华宇·锦绣云赋,"住宅,绿化率高,人车分流,品牌房企,水系园林",15000,总价108-165(万/套),在售,"3室,4室",建面 76-109㎡
金地景业格林水岸,增城,中新镇,新新大道北金地景业格林水岸,"住宅,车位充足,人车分流,品牌房企,公交直达",价格待定,,待售,,
金地·云上,增城,中新镇,广东省广州市增城区S118(新新大道北),"住宅,低单价,低总价,人车分流,大型社区",11000,总价80-145(万/套),在售,2室,建面 60-104㎡
悦辰壹号,黄埔,知识城,广东省广州市黄埔区Y079,"住宅,低单价,低总价,车位充足,人车分流",24000,总价190-320(万/套),在售,"3室,4室",建面 89-168㎡
国科众安江屿大观,番禺,市桥,广东省广州市番禺区 沙堤路600号,"商业类,车位充足,人车分流,品牌房企,公交直达",16800,总价65-600(万/套),在售,"2室,3室",建面 39-195㎡
振业学府里,增城,白江,南顺石场路13号,"住宅,低总价,人车分流,小型社区,国央企",14000,总价105-155(万/套),在售,"3室,4室",建面 75-107㎡
珠江博悦庭,增城,增城碧桂园,新城大道珠江博悦庭,"住宅,人车分流,大型社区,品牌房企,小户型",价格待定,,待售,,
越秀联投知识城·居山涧,黄埔,知识城,广州黄埔知识城凤凰湖旁,"住宅,绿化率高,低密居所,国央企,置换改善",46000,总价650-1050(万/套),在售,4室,建面 140-190㎡
中洲紫轩,黄埔,鱼珠,广东省广州市黄埔区中山大道387号（5/13号线鱼珠站）,"住宅,车位充足,人车分流,品牌房企,近地铁",50000,总价420-950(万/套),在售,"3室,4室",建面 83-169㎡
广州城投领南府,番禺,广州南站,石洲中路广州城投领南府,"住宅,低总价,车位充足,绿化率高,国央企",38000,总价350-600(万/套),在售,"2室,3室",建面 98-143㎡
云裳峯尚,白云,同和,白云区白水塘文明路1号,"住宅,车位充足,人车分流,品牌房企,休闲会所",55000,总价562-800(万/套),在售,"3室,4室",建面 78-133㎡
侨鑫保利汇景台,天河,汇景新城,科韵北路23号,"住宅,车位充足,绿化率高,置换改善,高品质小区",136000,总价2400-4060(万/套),在售,"4室,5室",建面 173-290㎡
金科景业·雍景园,增城,中新镇,坑贝地铁站B口东100米,"底商,低总价,车位充足,人车分流,品牌房企",24500,总价70-125(万/套),待售,1室,建面 36-86㎡
碧桂园云樾江湾,增城,增城区府,新城大道碧桂园云樾江湾,"住宅,车位充足,绿化率高,品牌房企,近地铁",21000,总价180-295(万/套),在售,"3室,4室",建面 88-137㎡
保利天汇,天河,黄村,大观中路保利天汇,"底商,车位充足,人车分流,国央企,品牌房企",55000,总价616(万/套),在售,1室,建面 112㎡
越秀·大学·星汇城,番禺,国际创新城,广州市番禺区新造镇曾边大街66号,"住宅,低总价,车位充足,人车分流,国央企",40000,总价330-550(万/套),在售,"3室,4室",建面 86-125㎡
保利珑悦,增城,永宁,广州市增城区创业大道,"住宅,低单价,低总价,车位充足,人车分流",12000,总价85-142(万/套),在售,"2室,3室",建面 77-105㎡
飞晟汇,黄埔,香雪,广州市黄埔区科学城开创大道彩文路166号,"写字楼,车位充足,近地铁,地铁沿线,大平层",21800,总价297-1822(万/套),在售,"1室,5室",建面 120-750㎡
路劲星棠,增城,白江,东洲大道路劲星棠,"住宅,特价好房,车位充足,人车分流,品牌房企",16000,总价120-160(万/套),在售,"2室,4室",建面 78-95㎡
知识城投资嘉达·山与墅,黄埔,知识城,广东省广州市黄埔区Y079与长庚北街交叉路口往西约200米,"住宅,车位充足,绿化率高,国央企,置换改善",45000,总价600-900(万/套),在售,"3室,4室",建面 166-175㎡
远洋天成,增城,新塘北,广东省广州市增城区石新路,"住宅,人车分流,小型社区,国央企,品牌房企",16500,总价118-180(万/套),在售,"3室,4室",建面 69-107㎡
广晟中国铁建花语天珹,花都,花城街,黄槐路广晟中铁建花语天珹,"住宅,车位充足,绿化率高,国央企,品牌房企",21000,总价220-340(万/套),在售,"2室,3室",建面 97-137㎡
金地商置都会峯范,花都,铁路西,新街大道100号,"住宅,低总价,车位充足,人车分流,品牌房企",18000,总价150-249(万/套),在售,"2室,3室",建面 81-125㎡
中建凤榕台,增城,朱村,广东省广州市增城区福昆线辅路,"住宅,人车分流,大型社区,国央企,品牌房企",23000,总价154-236(万/套),在售,"3室,4室",建面 67-103㎡
中铁建信达花语天宸,黄埔,科学城,广汕公路与班岭路交叉西南420米,"住宅,车位充足,人车分流,国央企,品牌房企",41000,总价420-800(万/套),在售,"3室,4室",建面 97-168㎡
中盛顺和家园,增城,荔城增江,广汕公路中盛顺和家园,"住宅,低单价,低总价,车位充足,人车分流",12000,总价115-205(万/套),在售,"3室,4室",建面 83-143㎡
方圆滨江壹号,海珠,客村,海珠区艺景路与友邻三路交叉口南120米,"住宅,绿化率高,人车分流,品牌房企,近地铁",110000,总价700-1580(万/套),在售,"3室,4室",建面 90-132㎡
翰盛府,番禺,汉溪长隆,汉兴西路锦绣香江拾光盛境,"住宅,绿化率高,低密居所,置换改善,高品质小区",80000,总价430-1700(万/套),在售,"3室,4室",建面 78-215㎡
中海保利朗阅,荔湾,西朗,广东省广州市荔湾区,"住宅,车位充足,绿化率高,国央企,品牌房企",58000,总价630-1300(万/套),在售,"2室,3室",建面 98-182㎡
珠江未来城,番禺,莲花山,广东省广州市番禺区石楼镇胜洲村龙启路80号,"商业类,低单价,低总价,绿化率高,人车分流",11000,总价40-95(万/套),在售,"1室,2室",建面 36-68㎡
星河畔月湾,南沙,横沥,新广一路星河畔月湾,"住宅,低单价,低总价,车位充足,绿化率高",20000,总价150-310(万/套),在售,"3室,4室",建面 80-126㎡
振业天成,黄埔,科学城,广州市黄埔区联和街黄陂四路,"住宅,低总价,车位充足,绿化率高,国央企",35500,总价498-800(万/套),在售,4室,建面 104-168㎡
绿城桂语汀澜,南沙,明珠湾,广州市南沙区横沥镇沥岛三多涌以东、义沙路以西、横沥大道东以南,"住宅,车位充足,绿化率高,国央企,品牌房企",28000,总价260-406(万/套),在售,4室,建面 99-140㎡
琶洲南TOD,海珠,赤岗,广东省广州市海珠区,"住宅,车位充足,人车分流,国央企,品牌房企",130000,总价1750-3500(万/套),在售,"3室,4室",建面 142-276㎡
招商湾区1872,南沙,东涌,南沙庆盛港科大广州校区旁,"住宅,低总价,车位充足,人车分流,国央企",22000,总价170-230(万/套),在售,"3室,4室",建面 79-105㎡
海语天悦湾,南沙,明珠湾,凤凰大道越秀中国铁建南投海语天悦湾,"住宅,车位充足,绿化率高,国央企,品牌房企",28000,总价230-460(万/套),在售,"2室,3室",建面 80-142㎡
国贸学原,增城,荔城西区,广汕公路国贸学原,"住宅,低单价,低总价,人车分流,大型社区",13500,总价85-200(万/套),在售,"2室,3室",建面 76-128㎡
星河江缦,荔湾,滘口,广东省广州市荔湾区滘口大街与鹅潭路交叉口西北,"住宅,车位充足,绿化率高,品牌房企,近地铁",70000,总价900-2000(万/套),在售,4室,建面 179-235㎡
公交珠实花城云著,白云,夏茅,广花一路公交珠实花城云著,"住宅,低总价,车位充足,人车分流,国央企",35000,总价249-320(万/套),在售,"3室,4室",建面 69-87㎡
中海江泰里,海珠,江燕路,海珠区凤阳街江泰路36号,"住宅,绿化率高,人车分流,国央企,品牌房企",65000,总价520-730(万/套),在售,"3室,4室",建面 75-105㎡
保利水木芳华,增城,朱村,朱村大道西保利水木芳华,"住宅,低单价,低总价,人车分流,大型社区",12000,总价100-164(万/套),在售,"1室,2室",建面 67-103㎡
保利领秀海,番禺,莲花山,广州市番禺区石楼镇鲤鱼岗9号名人山庄,"住宅,低单价,低总价,绿化率高,人车分流",22000,总价175-480(万/套),在售,"3室,4室",建面 74-170㎡
云麓花城,白云,太和,白云城投云麓花城，太和镇沙亭北路南侧地块,"住宅,低单价,低总价,车位充足,人车分流",23000,总价154-240(万/套),在售,"3室,4室",建面 67-97㎡
电建都汇府,花都,新区,广东省广州市花都区迎宾大道,"住宅,车位充足,人车分流,国央企,品牌房企",36000,总价430-730(万/套),在售,"3室,4室",建面 120-190㎡
金地公园名著,增城,永宁,广东省广州市增城区新新公路与创盈路交叉口西南140米,"住宅,低单价,低总价,车位充足,人车分流",12200,总价83-135(万/套),在售,"2室,3室",建面 69-106㎡
广州滨江上都,荔湾,鹤洞,芳村大道南广州滨江上都,"商业类,车位充足,绿化率高,品牌房企,多轨交汇",70000,总价450-680(万/套),在售,"2室,3室",建面 105-355㎡
中海映澜台,海珠,工业大道南,新业路中海映澜台,"住宅,车位充足,人车分流,国央企,品牌房企",110000,总价2200-2900(万/套),在售,"4室,5室",建面 141-246㎡
保利湖光悦色,海珠,赤岗,华洲路保利湖光悦色,"住宅,车位充足,绿化率高,国央企,品牌房企",85000,总价850-1700(万/套),在售,4室,建面 120-200㎡
中洲紫轩,黄埔,鱼珠,广东省广州市黄埔区中山大道387号（5/13号线鱼珠站）,"商业类,低总价,车位充足,人车分流,品牌房企",35000,总价156-550(万/套),待售,,建面 41-115㎡
广垦天河1号,天河,沙太南,怡新路广垦天河1号,"商业类,低总价,人车分流,封闭管理,国央企",30000,总价112-132(万/套),在售,"1室,2室",建面 40㎡
越秀星耀TOD,增城,新塘北,环城路越秀·星耀TOD,"商业类,低总价,人车分流,大型社区,近地铁",16000,总价58-104(万/套),在售,"2室,3室",建面 36-65㎡
珠光海珠新城,海珠,南洲,南洲路975号,"住宅,车位充足,绿化率高,多轨交汇,地铁沿线",55000,总价610-2300(万/套),在售,"3室,4室",建面 95-230㎡
公园海,南沙,南沙湾,环市大道南公园海,"住宅,车位充足,绿化率高,国央企,品牌房企",价格待定,,待售,,
联发|悦璞园,增城,石滩镇,南北大道联发悦璞,"住宅,小型社区,国央企,品牌房企,公交直达",价格待定,,待售,,
龙狮璟珑府,黄埔,知识城,Y079龙狮璟珑府,"住宅,低单价,低总价,绿化率高,低密居所",23000,总价170-520(万/套),在售,"3室,4室",建面 91-168㎡
广州城投·空港1号,花都,镜湖大道,广州市花都区雅新大道（黄广中学南侧）,"住宅,车位充足,绿化率高,国央企,品牌房企",23000,总价190-270(万/套),在售,"3室,4室",建面 79-112㎡
时代天境（花都）,花都,旧区,天贵路时代天境（花都）,"住宅,人车分流,小型社区,品牌房企,地铁沿线",价格待定,,待售,,
粤海·云港城,白云,白云大道南,广东省广州市白云区齐心路84号（白云公园站旁）,"住宅,车位充足,绿化率高,国央企,品牌房企",85000,总价1250-2500(万/套),在售,4室,建面 140-264㎡
力高大家·美颂,增城,荔城西区,增城区北绕线力高大家·美颂,"住宅,小型社区,品牌房企,地铁沿线,公交直达",价格待定,,待售,,
珠江广钢花城,荔湾,东塱,广州市荔湾区荷景路5号,"住宅,低总价,绿化率高,国央企,品牌房企",35000,总价310-460(万/套),在售,"3室,4室",建面 67-114㎡
珠江·金瑶台,海珠,昌岗,广东省广州市海珠区崇礼大街18号,"住宅,绿化率高,人车分流,国央企,品牌房企",50000,总价400-510(万/套),在售,"2室,3室",建面 79-103㎡
富好城繁华里,增城,新塘北,广东省广州市增城区富好城路30,"住宅,低单价,低总价,人车分流,大型社区",13000,总价100-130(万/套),在售,3室,建面 85-101㎡
北大科技园·国际科创广场,白云,石井,石沙公路81号,"商业类,小型社区,近地铁,地铁沿线,综合商场",价格待定,,待售,,
保利西悦湾,荔湾,坑口,东漖南路保利西悦湾,"商业类,绿化率高,人车分流,国央企,品牌房企",价格待定,,待售,,
利通金融中心,南沙,明珠湾,潭州路利通金融中心,"写字楼,车位充足,大型社区,品牌房企,地铁沿线",23000,,在售,,
广州城投禧阅盛汇,增城,凤凰城,汽车城大道广州城投禧阅盛汇,"商业类,人车分流,大型社区,国央企,品牌房企",价格待定,,待售,,
富力富云山,白云,江夏,黄石西街23号,"商业类,小型社区,品牌房企,近地铁,地铁沿线",价格待定,,待售,,
天地源伴山溪谷,番禺,石楼,沙东路天地源伴山溪谷,"住宅,低单价,低总价,车位充足,绿化率高",25000,总价200-265(万/套),在售,"2室,3室",建面 83-100㎡
凯德双桥新作,荔湾,大坦沙,广东省广州市荔湾区裕福街35号,"住宅,绿化率高,人车分流,品牌房企,近地铁",57000,总价540-810(万/套),在售,"3室,4室",建面 74-128㎡
广开控股城投云锦,黄埔,长岭居,萝岭路广开控股城投云锦,"住宅,车位充足,人车分流,国央企,品牌房企",45000,总价550-870(万/套),在售,"3室,4室",建面 124-186㎡
御璟兰园,南沙,明珠湾,凤凰大道融朗园,"住宅,车位充足,人车分流,国央企,品牌房企",30000,总价260-445(万/套),在售,"4室,5室",建面 88-135㎡
合生中央城（商业）,黄埔,香雪,开源大道22号,"商业,低总价,人车分流,大型社区,休闲会所",60000,总价220-260(万/套),在售,1室,建面 40-52㎡
星河江堤春晓,南沙,明珠湾,广东省广州市南沙区凤凰大道横沥东路10号,"住宅,车位充足,人车分流,品牌房企,自持商业",33000,总价350-500(万/套),在售,"3室,4室",建面 99-133㎡
科苑壹号,南沙,南沙湾,广东省广州市南沙区南沙湾南横地铁站旁,"住宅,车位充足,绿化率高,国央企,品牌房企",24000,总价430-550(万/套),在售,4室,建面 126-165㎡
越秀江海潮鸣,南沙,明珠湾,安益路越秀江海潮鸣,"住宅,车位充足,人车分流,国央企,品牌房企",28000,总价301-520(万/套),在售,"2室,3室",建面 96-140㎡
云城上品（二期）,白云,嘉禾望岗,广东省广州市白云区新石路145号,"住宅,车位充足,绿化率高,国央企,品牌房企",37000,总价410-530(万/套),在售,"3室,4室",建面 110-143㎡
越秀·大学城·和樾府,番禺,国际创新城,兴业大道越秀·大学城·和樾府,"住宅,车位充足,绿化率高,国央企,品牌房企",55000,总价605-850(万/套),在售,"3室,4室",建面 110-160㎡
广州国际创新驱动中心,黄埔,知识城,知识城南起步区知识大道以南、永九快速路以东,"商业类,车位充足,小型社区,国央企,品牌房企",价格待定,,待售,,
越秀白云星汇城,白云,钟落潭,广龙路12号,"住宅,低单价,低总价,绿化率高,人车分流",20000,总价146-310(万/套),在售,"3室,4室",建面 74-116㎡
IN PARK星贸中心,黄埔,科学城,映日路IN PARK星贸中心,"写字楼,小型社区,国央企,品牌房企,近地铁",价格待定,,待售,,
力迅荔筑,荔湾,西场,东风西路南侧源溪大街东侧力迅荔筑,"住宅,人车分流,小型社区,品牌房企,近地铁",59000,总价448-819(万/套),在售,"3室,4室",建面 69-130㎡
合景臻溋名铸,天河,东圃,黄埔大道东合景臻溋名铸,"商业类,小型社区,品牌房企,近地铁,多轨交汇",价格待定,,待售,,
保利越秀·天启,荔湾,鹤洞,培真路保利越秀·天启,"商业类,低总价,人车分流,封闭管理,国央企",25000,总价102.5-132.5(万/套),在售,"2室,3室",建面 41-53㎡
香江天辰,增城,凤凰城,G4香江天辰,"住宅,车位充足,封闭管理,品牌房企,公交直达",15500,总价140(万/套),在售,3室,建面 79-102㎡
保利明玥湖光,增城,增城碧桂园,挂绿湖纵三路保利明玥湖光,"住宅,车位充足,人车分流,国央企,品牌房企",17000,总价133-215(万/套),在售,"2室,3室",建面 84-121㎡
招商湾区1872,南沙,东涌,庆沙路招商湾区1872,"商业类,人车分流,小型社区,国央企,品牌房企",价格待定,,待售,,
中铁阅江来,南沙,南沙区府,广东省广州市南沙区化工路,"住宅,低单价,低总价,人车分流,封闭管理",19700,总价175-315(万/套),在售,"2室,3室",建面 88-126㎡
中国铁建西派澜岸,南沙,明珠湾,合兴路56号国际金融论坛IFF永久会址相距800米,"住宅,绿色建筑,车位充足,国央企,品牌房企",30000,总价400-500(万/套),在售,3室,建面 105-261㎡
云城上品,白云,嘉禾望岗,广东省广州市白云区新石路145号,"住宅,低总价,车位充足,绿化率高,国央企",37000,总价250-380(万/套),在售,3室,建面 72-105㎡
勤诚达悦城,黄埔,,洋田路勤诚达悦城,"住宅,小型社区,品牌房企,公交直达,超市",价格待定,,待售,,
星际云汇,黄埔,香雪,广东省广州市黄埔区S117(开创大道),"商业类,国央企,近地铁,地铁沿线,小户型",价格待定,,在售,,
珠实云悦花语,白云,钟落潭,广州市白云区钟落潭镇良城三路7号距广州14号线钟落潭地铁站A出口800米处,"住宅,低单价,低总价,车位充足,绿化率高",15000,总价110-180(万/套),在售,"3室,4室",建面 70-98㎡
诚汇新都·榕诚湾,荔湾,汾水,花海路力诚榕诚湾,"住宅,绿化率高,人车分流,品牌房企,地铁沿线",42000,总价380-860(万/套),在售,"3室,4室",建面 85-165㎡
招商保利海珠天珺,海珠,黄埔村,新港东路保利海珠天珺,"商业类,车位充足,人车分流,国央企,品牌房企",30000,总价280-400(万/套),在售,"3室,4室",建面 85-137㎡
招商保利海珠天珺,海珠,黄埔村,新港东路保利海珠天珺,"底商,车位充足,人车分流,国央企,品牌房企",50000,总价330(万/套),在售,,
勤诚达悦峯,黄埔,科学城,黄登路勤诚达悦峯,"住宅,小型社区,品牌房企,公交直达,综合商场",价格待定,,待售,,
珠江天郦,天河,棠下,广州市天河区中山大道西1150号,"住宅,车位充足,人车分流,品牌房企,近地铁",85000,总价1100-1900(万/套),在售,4室,建面 129-180㎡
勤诚达悦府,黄埔,长岭居,长龙街勤诚达悦府,"住宅,小型社区,品牌房企,地铁沿线,公交直达",价格待定,,待售,,
东江逸珑湾,增城,新塘南,沿江大道39号（甘泉小学东侧）,"底商,低单价,人车分流,大型社区,品牌房企",17000,总价200(万/套),在售,,
中海麓府,白云,江夏,广云路中海麓府,"住宅,车位充足,人车分流,国央企,品牌房企",65000,总价880-1220(万/套),在售,"3室,4室",建面 126-170㎡
祈福半山臻品,番禺,祈福新村,祈福天湖一街祈福半山臻品,"住宅,低单价,车位充足,绿化率高,置换改善",30000,总价237-490(万/套),在售,"2室,3室",建面 82-145㎡
岭南V谷荔湾新天地,荔湾,广钢新城,荔信三街岭南V谷荔湾新天地,"商业类,低总价,车位充足,绿化率高,国央企",28000,总价110-250(万/套),在售,"2室,3室",建面 36-70㎡
越秀公交天悦云山府,白云,东平,白云大道北1697号,"住宅,车位充足,人车分流,国央企,品牌房企",40000,总价290-780(万/套),在售,"3室,5室",建面 90-156㎡
布查特官邸情景洋房,番禺,汉溪长隆,迎宾路锦绣香江花园山水华府,"住宅,低单价,低总价,绿化率高,低密居所",28000,总价150-250(万/套),在售,1室,建面 43-90㎡
玖玥,花都,铁路西,望亭路玖玥,"住宅,低单价,低总价,车位充足,绿化率高",12800,总价126-165(万/套),在售,"2室,3室",建面 97-127㎡
保利锦上,黄埔,香雪,广东省广州市黄埔区隧南路,"住宅,低单价,低总价,车位充足,绿化率高",27000,总价210-395(万/套),在售,3室,建面 75-135㎡
越秀天河和樾府,天河,沙太南,广东省广州市天河区燕园路13号,"住宅,车位充足,绿化率高,国央企,品牌房企",85000,总价850-1600(万/套),在售,"3室,4室",建面 108-180㎡
大华城东瀚,增城,朱村,广东省广州市增城区,"住宅,低单价,低总价,车位充足,人车分流",13000,总价85-165(万/套),在售,"2室,3室",建面 64-97㎡
粤海·云港城,白云,白云大道南,云城西路粤海·云港城,"写字楼,小型社区,国央企,品牌房企,近地铁",价格待定,,在售,,
保利和悦滨江,荔湾,西朗,兴渔路保利和悦滨江,"住宅,低总价,绿化率高,人车分流,国央企",45000,总价350-455(万/套),在售,"3室,4室",建面 74-107㎡
北大科技园·国际科创广场,白云,石井,石沙公路81号,"写字楼,小型社区,近地铁,地铁沿线,综合商场",价格待定,,待售,,
电建地产·洺悦玉府,番禺,市桥,禺山西路电建地产·洺悦玉府,"商业类,车位充足,国央企,品牌房企,公交直达",价格待定,,待售,,
星河湾萝峰,黄埔,香雪,广东省广州市黄埔区萝岗路与启学路交叉口北200米,"住宅,车位充足,绿化率高,品牌房企,入户花园",38000,总价480-1550(万/套),在售,"3室,5室",建面 130-265㎡
越秀国际总部广场,南沙,金洲,金隆路越秀国际总部广场,"写字楼,人车分流,大型社区,国央企,品牌房企",价格待定,,待售,,
旭辉曜玥湾,南沙,明珠湾,国际金融岛横沥大道旁,"商业类,车位充足,大型社区,品牌房企,地铁沿线",价格待定,,待售,,
中国铁建西派澜岸,南沙,明珠湾,长沙村西街中国铁建西派澜岸,"商业类,人车分流,封闭管理,国央企,品牌房企",价格待定,,待售,,
星河江堤春晓,南沙,明珠湾,广东省广州市南沙区凤凰大道横沥东路10号,"商业类,车位充足,人车分流,品牌房企,近地铁",价格待定,,待售,,
新鸿基地产峻銮,番禺,广州南站,广东省广州市番禺区韦涌路,"住宅,车位充足,绿化率高,品牌房企,近地铁",45000,总价388-798(万/套),在售,"3室,4室",建面 68-162㎡
卓粤广场,增城,新塘南,新塘大道东卓粤广场,"写字楼,小型社区,公交直达,综合商场,超市",价格待定,,待售,,
富丰华庭,增城,朱村,朱村大道西富丰华庭,"住宅,车位充足,人车分流,近地铁,地铁沿线",16000,总价142-188(万/套),在售,"2室,3室",建面 89-118㎡
升龙·学府上城,黄埔,知识城,九龙大道,"商业类,绿化率高,小型社区,品牌房企,近地铁",价格待定,,待售,,
长岭雅居,黄埔,长岭居,长贤路长岭雅居,"住宅,车位充足,绿化率高,国央企,品牌房企",价格待定,,在售,,
珠实·嘉悦湾,白云,同德围,广东省广州市白云区同嘉路34号,"住宅,车位充足,人车分流,国央企,品牌房企",38000,总价350-420(万/套),在售,"4室,5室",建面 89-112㎡
国化广场,白云,白云大道南,广东省广州市白云区云城北二路116号,"写字楼,车位充足,人车分流,国央企,品牌房企",价格待定,,待售,,
白鹅潭悦府,荔湾,芳村,广东省广州市荔湾区长堤街133号,"住宅,车位充足,人车分流,国央企,品牌房企",100000,总价1000-2000(万/套),在售,"3室,4室",建面 135-243㎡
宏鼎广场,白云,机场路,云城西路宏鼎广场,"写字楼,小型社区,品牌房企,近地铁,地铁沿线",价格待定,,待售,,
君超中心,天河,金融城,黄埔大道中君超中心,"写字楼,人车分流,小型社区,近地铁,多轨交汇",价格待定,,待售,,
星晴雅筑,番禺,市桥北,市桥街光明北路儿童公园路口西侧,"住宅,低单价,低总价,人车分流,小型社区",31000,总价276-288(万/套),在售,2室,建面 89-93㎡
世纪金源天河源筑,天河,粤垦,东莞庄路世纪金源天河源筑,"住宅,车位充足,绿化率高,品牌房企,地铁沿线",61888,总价610-1365(万/套),在售,"3室,4室",建面 93-182㎡
茗筑水岸,南沙,明珠湾,庙南路茗筑水岸,"住宅,人车分流,封闭管理,国央企,公交直达",价格待定,,在售,,
龙湖金地天峯,番禺,番禺客运站,傍雁路龙湖金地天峯,"商业,低总价,人车分流,大型社区,品牌房企",80000,总价150(万/套),在售,,
耀胜新世界广场,番禺,汉溪长隆,汉兴西路耀胜新世界广场,"写字楼,小型社区,品牌房企,近地铁,多轨交汇",价格待定,,待售,,
侨银大厦,荔湾,坑口,东漖大桥侨银大厦,"写字楼,小型社区,地铁沿线,公交直达,超市",价格待定,,待售,,
汉国置业港汇台,越秀,海珠广场,沿江中路港汇华庭二期,"住宅,车位充足,人车分流,近地铁,地铁沿线",100000,总价700-1730(万/套),在售,"2室,3室",建面 69-144㎡
越秀滨海花城,南沙,南沙区府,广澳高速越秀滨海花城,"住宅,低单价,低总价,车位充足,人车分流",15000,总价108-123(万/套),在售,3室,建面 75-97㎡
广州城投东园公馆,越秀,越秀南,越秀南路广州城投东园公馆,"住宅,车位充足,人车分流,国央企,品牌房企",130000,总价1000-2100(万/套),在售,"3室,4室",建面 91-178㎡
中国铁建翰林新语,增城,新塘北,乌石大道中国铁建翰林新语,"住宅,车位充足,人车分流,国央企,品牌房企",18000,总价130-180(万/套),在售,"2室,3室",建面 72-95㎡
联投·文津府,天河,黄村,执信三路联投·文津府,"住宅,车位充足,绿化率高,国央企,品牌房企",65000,总价685-1150(万/套),在售,"3室,4室",建面 111-165㎡
万科·理想花地·瑧园,荔湾,花地湾,广东省广州市荔湾区东漖北路191号,"住宅,车位充足,人车分流,国央企,品牌房企",54000,总价560-1050(万/套),在售,"3室,4室",建面 110-186㎡
万科·理想花地·朗庭,荔湾,花地湾,广东省广州市荔湾区花地大道北385号,"住宅,人车分流,封闭管理,国央企,品牌房企",47000,总价350-585(万/套),在售,"2室,3室",建面 79-128㎡
智联花园,番禺,莲花山,石楼镇智睿大街4号,"底商,车位充足,人车分流,国央企,品牌房企",30000,总价3000(万/套),在售,,
富豪山庄·领峰,番禺,富豪山庄,番禺区东环街市广路232号富豪大厦,"住宅,低单价,低总价,车位充足,低密居所",30000,总价159-321(万/套),在售,1室,建面 53-107㎡
仟信广场,从化,河滨北路,仟信街12号,"商业类,低单价,低总价,车位充足,绿化率高",9000,总价69(万/套),在售,1室,建面 51㎡
万科·瑧山府,白云,白云大道南,广东省广州市白云区白云大道788号,"住宅,车位充足,人车分流,国央企,品牌房企",70000,总价840-1650(万/套),在售,"2室,3室",建面 110-193㎡
中建天河精诚壹号,天河,岑村,广东省广州市天河区长兴街道华观路以北，高唐路以西,"住宅,绿化率高,人车分流,国央企,品牌房企",60000,总价485-760(万/套),在售,"2室,3室",建面 78-118㎡
鹏瑞1号,天河,东圃,黄埔大道东鹏瑞金融城,"商业类,车位充足,人车分流,品牌房企,近地铁",价格待定,,在售,,
保利四季和颂,海珠,广州大道南,广东省广州市海珠区广州大道南788号,"住宅,车位充足,绿化率高,国央企,品牌房企",90000,总价780-1100(万/套),在售,"3室,4室",建面 108-140㎡
中国铁建西派粤府,海珠,沥滘,南天路中国铁建西派粤府,"住宅,车位充足,绿化率高,国央企,品牌房企",65000,总价780-1200(万/套),在售,4室,建面 120-140㎡
越秀珠实城发江湾和樾,海珠,工业大道中,广东省广州市海珠区昌岗西路,"住宅,车位充足,大型社区,国央企,品牌房企",75000,总价950-1500(万/套),在售,4室,建面 107-188㎡
空港国际·科技谷,花都,花东镇,凤祥路空港国际·科技谷,"写字楼,小型社区,公交直达,超市,公园",价格待定,,待售,,
云庐,白云,东平,白云大道北云庐,"住宅,车位充足,绿化率高,国央企,品牌房企",55000,总价750-1000(万/套),在售,4室,建面 128-172㎡
品秀星图,增城,新塘北,广州地铁13号线官湖车辆段（官湖站B出口）,"商业,车位充足,人车分流,国央企,品牌房企",36000,,在售,,
琶洲樾,海珠,磨碟沙,新港东路琶洲樾,"住宅,小型社区,国央企,品牌房企,近地铁",价格待定,,待售,,
保利·天瑞,天河,汇景新城,广园快速路保利·天瑞,"住宅,车位充足,绿化率高,国央企,品牌房企",80000,总价890-2500(万/套),在售,"3室,4室",建面 107-268㎡
珠江国际城,从化,神岗镇,广从南路珠江壹城,"底商,人车分流,大型社区,品牌房企,近地铁",19000,总价110(万/套),在售,1室,建面 26-53㎡
保利锦上印,荔湾,坑口,东漖街保利锦上印,"住宅,绿化率高,人车分流,国央企,品牌房企",54000,总价450-780(万/套),在售,"2室,3室",建面 88-126㎡
品秀·星瀚,番禺,广州南站,大榄地路品秀·星瀚,"底商,低总价,车位充足,人车分流,国央企",30000,总价80(万/套),在售,,
星河·盛世锦城,番禺,雅居乐,广东省广州市番禺区陈地路44号,"住宅,绿色建筑,车位充足,品牌房企,近地铁",37000,总价320-491(万/套),在售,"3室,4室",建面 95-139㎡
科城·新世代,黄埔,知识城,四横路科城·新世代,"住宅,小型社区,近地铁,地铁沿线,超市",价格待定,,待售,,
丰盛101,增城,新塘北,民营西一路丰盛101,"写字楼,小型社区,品牌房企,地铁沿线,公交直达",价格待定,,待售,,
龙湖御湖境,番禺,大石,迎宾路龙湖御湖境,"住宅,车位充足,绿化率高,品牌房企,地铁沿线",46000,总价480-950(万/套),在售,4室,建面 115-206㎡
珠实·西关都荟,荔湾,南岸路,荔湾区南岸路26号,"住宅,人车分流,小型社区,国央企,品牌房企",70000,总价580-1100(万/套),在售,"4室,5室",建面 89-142㎡
正升星荟,白云,石井,石沙公路正升星荟,"商业类,小型社区,品牌房企,近地铁,地铁沿线",价格待定,,待售,,
珠江右岸,白云,石井,广海路珠江右岸,"住宅,小型社区,国央企,品牌房企,超市",价格待定,,待售,,
保利锦上,黄埔,香雪,隧南路保利锦上,"底商,车位充足,人车分流,国央企,品牌房企",35000,总价190(万/套),在售,,建面 79㎡
光大ONE+,增城,永宁,香山大道与创盈路交汇处,"写字楼,大型社区,品牌房企,公交直达,超市",价格待定,,待售,,
广汇新世界金融中心,增城,凤凰城,广东省广州市增城区凤凰北一路64号,"写字楼,小型社区,近地铁,地铁沿线,超市",价格待定,,待售,,
广州地铁地产珑璟台,海珠,赤岗,龙潭东环街广州地铁地产·珑璟台,"住宅,人车分流,小型社区,国央企,品牌房企",95000,总价900-2000(万/套),在售,"3室,4室",建面 120-195㎡
万科瑧樾府,越秀,东川路,东濠涌高架路万科·瑧樾府,"住宅,小型社区,封闭管理,国央企,品牌房企",90000,总价950-1800(万/套),在售,"3室,4室",建面 107-180㎡
广建·云城学府,白云,,广州市白云区广建·云城学府,"住宅,绿化率高,大型社区,国央企,品牌房企",价格待定,,待售,,
长隆万博悦府,番禺,汉溪长隆,汉溪大道东长隆万博悦府,"住宅,车位充足,绿化率高,国央企,品牌房企",65000,总价630-2300(万/套),在售,"4室,5室",建面 108-300㎡
粤海壹桂府,越秀,海珠广场,北京路粤海壹桂府,"商业,国央企,品牌房企,近地铁,地铁沿线",价格待定,,待售,,
广州之窗商务港,海珠,沥滘,振兴大街,"写字楼,大型社区,国央企,品牌房企,近地铁",价格待定,,待售,,
亿凯创智汇,白云,太和,北太路亿凯创智汇,"商业,小型社区,地铁沿线,公交直达,综合商场",价格待定,,待售,,
晓庐,海珠,磨碟沙,新港东路晓庐,"酒店式公寓,小型社区,近地铁,地铁沿线,超市",价格待定,,待售,,
东基天河阳光,天河,黄村,大观街东基·天河阳光,"商业,低总价,人车分流,小型社区,品牌房企",38000,总价120(万/套),在售,,
保利阅江台,海珠,滨江东,广东省广州市海珠区玉菡路50号,"住宅,车位充足,人车分流,国央企,品牌房企",92000,总价1300-1900(万/套),在售,4室,建面 139-208㎡
广州足球公园,番禺,钟村,谢村地铁站旁,"住宅,大型社区,国央企,品牌房企,近地铁",价格待定,,待售,,
金侨岭南院,番禺,石楼,莲湖路1号,"住宅,小型社区,公交直达,超市",价格待定,,待售,,
越秀滨江樾,海珠,滨江西,滨江西路256号,"住宅,车位充足,小型社区,国央企,品牌房企",90000,总价1800-2850(万/套),在售,4室,建面 195-298㎡
江语上品苑,白云,石井,广州市白云区广海路以北,"住宅,特价好房,车位充足,人车分流,国央企",45000,总价570-1750(万/套),在售,"3室,4室",建面 125-265㎡
淘金山花园,增城,朱村,朱村街淘金山花园,"住宅,小型社区,超市",价格待定,,待售,,
旺村·知筑,黄埔,知识城,旺村西路旺村知筑,"住宅,小型社区,国央企,地铁沿线,公交直达",价格待定,,待售,,
华润置地天河润府,天河,黄村,广州天河奥体天河区·广园快速路·天河儿童公园旁,"住宅,车位充足,绿化率高,国央企,品牌房企",60000,总价410-800(万/套),在售,"3室,4室",建面 81-130㎡
君熙府,越秀,北京路,解放中路392号,"住宅,车位充足,人车分流,近地铁,地铁沿线",85000,总价860-1390(万/套),在售,"3室,4室",建面 93-146㎡
云瀚府,越秀,东川路,白云路29-31号,"住宅,车位充足,人车分流,品牌房企,近地铁",100000,总价1250-2100(万/套),在售,"3室,5室",建面 130-197㎡
佳兆业佳泽园,增城,荔城西区,荔城街增城大道钟岗地铁D出口附近,"底商,低单价,车位充足,人车分流,品牌房企",18500,总价130(万/套),在售,,
保利水木芳华,增城,朱村,朱村大道西保利水木芳华,"底商,人车分流,小型社区,国央企,品牌房企",25000,总价130(万/套),待售,,
铂玥明珠ONE,南沙,明珠湾,文字路铂玥明珠ONE,"商业类,车位充足,人车分流,品牌房企,近地铁",14000,总价92-119(万/套),在售,"2室,3室",建面 54-70㎡
珠光小北御景,越秀,小北,越秀北路,"住宅,小型社区,近地铁,地铁沿线,超市",价格待定,,待售,,
中海浣花里,荔湾,坑口,浣花路中海浣花里,"住宅,人车分流,小型社区,国央企,品牌房企",46000,总价305-510(万/套),在售,"3室,4室",建面 71-108㎡
武汉城建·保利·花语和岸,荔湾,芳村,广东省广州市荔湾区花地街道涌岸街武汉城建·保利·花语和岸,"住宅,绿化率高,人车分流,品牌房企,近地铁",51000,总价580-600(万/套),在售,4室,建面 86-142㎡
青云喜满园,从化,旺城片区,和鸣路青云喜满园,"住宅,车位充足,绿化率高,公交直达,综合商场",价格待定,,待售,,
朗悦时光里,花都,铁路西,瑞云路朗悦时光里,"商业,人车分流,小型社区,近地铁,地铁沿线",价格待定,,待售,,
云星汇,白云,江夏,广云路云星汇,"商业类,小型社区,近地铁,地铁沿线,超市",价格待定,,待售,,
保利琅誉,番禺,番禺客运站,广东省广州市番禺区傍雁路98号,"住宅,车位充足,绿化率高,国央企,品牌房企",33000,总价315-470(万/套),在售,"3室,4室",建面 92-132㎡
路劲美的隽樾府,番禺,番禺广场,广东省广州市番禺区东盛路50号,"住宅,低总价,车位充足,人车分流,品牌房企",38000,总价310-520(万/套),在售,"2室,3室",建面 87-132㎡
明月豪庭,越秀,西门口,解放中路明月豪庭,"商业类,小型社区,近地铁,地铁沿线,小户型",28000,总价130-501(万/套),在售,"1室,2室",建面 42-132㎡
中铁诺德·阅泷,白云,江高镇,广花路430号,"底商,低总价,车位充足,大型社区,国央企",价格待定,,在售,,
保利和颂,荔湾,坑口,浣花路保利和颂,"住宅,低总价,人车分流,小型社区,国央企",46000,总价370-469(万/套),在售,"1室,3室",建面 72-99㎡
国贸云上,白云,嘉禾望岗,白云-嘉禾望岗/松园路国贸云上,"住宅,绿化率高,人车分流,国央企,品牌房企",50000,总价390-615(万/套),在售,"3室,4室",建面 85-143㎡
益乐邻里,白云,黄石,机场路益乐邻里,"住宅,小型社区,国央企,地铁沿线,公交直达",价格待定,,待售,,
琶洲One57,海珠,磨碟沙,广东省广州市海珠区新港东路107号,"商业类,人车分流,小型社区,国央企,品牌房企",55000,总价160-320(万/套),在售,"1室,3室",建面 34-67㎡
盛禾水悦城,白云,石井,珠岗路盛禾水悦城,"商业类,小型社区,近地铁,地铁沿线,超市",价格待定,,待售,,
嘉禧天和大厦,天河,黄村,广州市天河区黄村康体路,"商业类,人车分流,小型社区,近地铁,多轨交汇",价格待定,,待售,,
广州城投湾区金融港,天河,金融城,广东省广州市天河区临江大道北,"商业类,人车分流,小型社区,国央企,品牌房企",价格待定,,在售,,
中金岭南鑫贸大厦,南沙,明珠湾,沙嘴东路中金岭南鑫贸大厦,"写字楼,小型社区,国央企,地铁沿线,公交直达",价格待定,,待售,,
星河智荟二期,南沙,明珠湾,新村街星河智荟二期,"住宅,低单价,低总价,绿化率高,人车分流",18000,总价160-220(万/套),在售,"3室,4室",建面 88-118㎡
亿凯创智汇,白云,太和,北太路亿凯创智汇,"商业类,优惠楼盘,低总价,小型社区,地铁沿线",14000,总价90(万/套),在售,3室,建面 64㎡
嘉裕华庭,番禺,市桥,繁华路170号,"住宅,车位充足,小型社区,地铁沿线,公交直达",价格待定,,待售,,
建发央玺,白云,石井,石潭路444号,"商业类,大型社区,国央企,品牌房企,近地铁",价格待定,,待售,,
建发明珠湾玺,南沙,明珠湾,凤凰大道建发明珠湾玺,"商业类,人车分流,封闭管理,国央企,品牌房企",19500,总价70(万/套),在售,,
建发明珠湾玺,南沙,明珠湾,凤凰大道建发明珠湾玺,"商业,低总价,人车分流,封闭管理,国央企",19500,总价70-130(万/套),在售,"0室,1室",建面 36-72㎡
金海岸花园观海,番禺,番禺客运站,广东省广州市番禺区金海岸大道87号,"住宅,绿化率高,大平层,动静分明,现房",50000,总价1130-1590(万/套),在售,"4室,5室",建面 220-318㎡
敏捷东樾府,增城,石滩镇,绿湖南路西南向,"商业,车位充足,人车分流,品牌房企,公交直达",价格待定,,待售,,
润悦,增城,荔城西区,广汕公路华润置地润悦,"商业,大型社区,国央企,品牌房企,公交直达",价格待定,,待售,,
珠光御景壹號,荔湾,黄沙,黄沙大道15-17号,"商业,车位充足,大型社区,国央企,品牌房企",价格待定,,待售,,
中新知识城国际领军人才集聚区,黄埔,知识城,狮龙大道中（凤凰湖北岸）,"写字楼,大型社区,近地铁,地铁沿线,综合商场",价格待定,,待售,,
广州城投未来智都,白云,江夏,云康南路广州城投未来智都,"写字楼,小型社区,国央企,近地铁,地铁沿线",价格待定,,待售,,
奥园湾区智谷,南沙,东涌,纵三路奥园湾区智谷,"写字楼,小型社区,品牌房企,地铁沿线,公园",价格待定,,待售,,
高新仕林苑,黄埔,长岭居,广州黄埔长岭居萝岭路以东、长贤路以南,"住宅,车位充足,绿化率高,国央企,品牌房企",35000,总价360-490(万/套),在售,"3室,4室",建面 99-182㎡
越秀白云星汇城,白云,钟落潭,14号线钟落潭地铁站旁,"商业,大型社区,国央企,品牌房企,地铁沿线",价格待定,,待售,,
金茂万科都会四季商铺,增城,白江,新塘镇东江大道和沿江大道交汇处,"商业,车位充足,人车分流,国央企,品牌房企",价格待定,,待售,,
国化广场,白云,白云大道南,广东省广州市白云区云城北二路116号,"商业类,车位充足,人车分流,近地铁,地铁沿线",价格待定,,待售,,
东基天河阳光,天河,黄村,大观街东基·天河阳光,"商业类,人车分流,小型社区,品牌房企,地铁沿线",价格待定,,待售,,
中海江泰里,海珠,江燕路,广东省广州市海珠区江泰路46号,"商业,小型社区,国央企,品牌房企,近地铁",价格待定,,待售,,
星河畔月湾,南沙,横沥,新广一路星河畔月湾,"商业,车位充足,大型社区,公交直达,公园",价格待定,,待售,,
耀胜新世界广场,番禺,汉溪长隆,汉兴西路耀胜新世界广场,"商业,小型社区,品牌房企,近地铁,多轨交汇",价格待定,,待售,,
万科黄埔新城,黄埔,南岗,广东省广州市黄埔区沙步大路12,"商业,车位充足,人车分流,国央企,品牌房企",价格待定,,待售,,
中建凤榕台,增城,朱村,新时路中建凤榕台,"商业,小型社区,国央企,品牌房企,近地铁",价格待定,,待售,,
IN PARK星贸中心,黄埔,科学城,映日路IN PARK星贸中心,"商业类,小型社区,国央企,品牌房企,近地铁",价格待定,,待售,,
中建·星光城,白云,石井,石沙路与朝阳联滘街交界处,"商业,小型社区,国央企,品牌房企,近地铁",价格待定,,待售,,
嘉禧天和,天河,黄村,黄村康体路嘉禧天和,"商业类,小型社区,近地铁,多轨交汇,超市",价格待定,,待售,,
金祥大厦,荔湾,流花站前,站前路193号,"商业,小型社区,近地铁,地铁沿线,超市",价格待定,,待售,,
天鹅壹号,海珠,洪德,环岛路天鹅壹号,"商业类,小型社区,近地铁,多轨交汇,超市",价格待定,,待售,,
粤海·云港城,白云,白云大道南,云城西路粤海·云港城,"商业类,人车分流,大型社区,国央企,品牌房企",40000,总价230-660(万/套),在售,"1室,3室",建面 50-148㎡
星河发展大厦,南沙,明珠湾,广东省广州市南沙区横沥镇星河发展大厦,"商业,车位充足,小型社区,品牌房企,地铁沿线",价格待定,,待售,,
迈谷·天河科融苑,天河,车陂,车陂西路迈谷科融苑,"商业类,小型社区,近地铁,地铁沿线,超市",价格待定,,待售,,
银帝云珹天地,白云,白云大道南,云城东路银帝云珹天地,"写字楼,车位充足,人车分流,品牌房企,近地铁",价格待定,,待售,,
广州力合科创中心,白云,石井,石门街道广州力合科创中心,"写字楼,小型社区,国央企,品牌房企,近地铁",价格待定,,待售,,
城投天禧,天河,智慧城,广州市天河区智慧城华观路与大观中路交界处(地铁21号线天河智慧城站B出口可达),"住宅,车位充足,绿化率高,国央企,品牌房企",46000,总价520-870(万/套),在售,"3室,4室",建面 108-138㎡
建鑫荔棠雅苑,增城,新塘北,广深大道中88号,"住宅,小型社区,地铁沿线,公交直达,综合商场",价格待定,,在售,,
新世界·天馥,荔湾,滘口,珠江桥南侧花卉研究所西侧,"住宅,低总价,人车分流,大型社区,品牌房企",41000,总价295-650(万/套),在售,"3室,4室",建面 76-139㎡
黄埔创新中心,黄埔,黄埔区府,丰乐北路雅居乐黄埔创新中心,"商业类,小型社区,地铁沿线,公交直达,综合商场",价格待定,,待售,,
建华广场,白云,机场路,云城东路555号,"商业类,品牌房企,近地铁,地铁沿线,超市",价格待定,,待售,,
珠江国际创业中心,增城,新塘北,新塘镇创想路8号,"商业类,国央企,品牌房企,公交直达,综合商场",价格待定,,待售,,
金茂万科都会四季,增城,白江,新塘镇东江大道和沿江大道交汇处,"商业类,车位充足,人车分流,国央企,品牌房企",价格待定,,待售,,
钧明欢乐世界,增城,永宁,镇永和誉山国际山语一街5号一层,"商业类,小型社区,品牌房企,公交直达,综合商场",价格待定,,待售,,
铂玥明珠ONE,南沙,明珠湾,文字路铂玥明珠ONE,"商业,小型社区,品牌房企,近地铁,地铁沿线",价格待定,,待售,,
朗悦时光里,花都,铁路西,瑞云路朗悦时光里,"商业类,小型社区,近地铁,地铁沿线,综合商场",价格待定,,待售,,
鱼珠·星河里,黄埔,大沙地,护林路2号（天河珠村东侧）,"商业类,小型社区,多轨交汇,地铁沿线,综合商场",价格待定,,在售,,
广开云汇科技金融中心,黄埔,科学城,科学大道广开云汇科技金融中心,"商业类,车位充足,人车分流,国央企,品牌房企",28000,总价145-300(万/套),在售,"1室,2室",建面 48-115㎡
珠江科技创新园,海珠,官洲,新滘东路珠江科技创新园,"商业类,小型社区,品牌房企,地铁沿线,公交直达",价格待定,,待售,,
中海天幕湾,番禺,亚运城,兴亚五路中海天幕湾,"住宅,车位充足,人车分流,国央企,品牌房企",36000,总价850(万/套),在售,4室,建面 180-237㎡
云筑上品,白云,夏茅,广东省广州市白云区鹤边细彭岭路4号,"住宅,车位充足,绿化率高,国央企,品牌房企",45000,总价400-639(万/套),在售,"3室,4室",建面 88-142㎡
珠江铂世湾,番禺,雅居乐,江山帝景高尔夫东侧,"底商,车位充足,人车分流,品牌房企,地铁沿线",价格待定,,待售,,
首开保利.云湖壹号,白云,夏茅,向西大道白云湖东门旁,"商业,低总价,车位充足,人车分流,国央企",47000,总价140(万/套),在售,1室,建面 30㎡
中建联投学府悦城,增城,荔城西区,增城大道318号,"底商,车位充足,人车分流,国央企,品牌房企",28000,,在售,,
五矿招商江天际,白云,石井,广东省广州市白云区,"商业类,低总价,人车分流,大型社区,国央企",价格待定,,在售,,
晟云台,白云,龙归,广东省广州市白云区石湖新大路晟云台,"商业,低总价,车位充足,人车分流,地铁沿线",38000,总价2200(万/套),在售,,
金地云上,增城,中新镇,新新大道 118省道与新墩路交叉口西南220米,"商业,车位充足,人车分流,品牌房企,地铁沿线",20000,总价95(万/套),在售,,
保利湖光悦色,海珠,赤岗,华洲路保利湖光悦色,"商业,车位充足,国央企,品牌房企,近地铁",价格待定,,待售,,
东环万科中心,番禺,市桥北,广州市番禺区东环街东星路90号,"商业类,小型社区,国央企,品牌房企,公交直达",价格待定,,待售,,
南国中心,番禺,汉溪长隆,广东省广州市番禺区南村镇里仁洞村冼庄工业园瑞华汽车城,"商业类,小型社区,公交直达,超市",价格待定,,待售,,
保利云境,白云,黄石,鹤联街保利云境,"住宅,低总价,绿化率高,人车分流,国央企",36000,总价250-310(万/套),在售,"1室,3室",建面 68-110㎡
越秀·观樾,天河,黄村,黄村街道越秀观樾,"住宅,车位充足,绿化率高,国央企,置换改善",85000,总价1100-2250(万/套),在售,4室,建面 140-250㎡
海丝未来时区,黄埔,知识城,龙湖街道海丝未来时区,"商业类,小型社区,国央企,近地铁,地铁沿线",价格待定,,待售,,
星灿大厦,天河,黄村,大观街星灿大厦,"写字楼,小型社区,品牌房企,地铁沿线,综合商场",价格待定,,待售,,
ing未来印,天河,车陂,车陂街道未来印,"商业类,小型社区,品牌房企,近地铁,多轨交汇",价格待定,,待售,,
时代天逸,南沙,黄阁,黄阁地铁站A出口,"写字楼,车位充足,大型社区,品牌房企,近地铁",价格待定,,待售,,
星河·湾区壹号,南沙,金洲,金苑大街与金苑横街交叉口西,"商业,品牌房企,地铁沿线,公交直达,超市",价格待定,,待售,,
华宇·锦绣云赋,从化,旧城区,从城大道风云岭段北侧,"商业,车位充足,人车分流,品牌房企,公交直达",价格待定,,待售,,
升龙·学府上城,黄埔,知识城,九龙大道,"商业,小型社区,品牌房企,近地铁,地铁沿线",价格待定,,待售,,
力迅·西关雅筑,荔湾,西华路,中山七路与康王北路交汇处,"商业,人车分流,小型社区,品牌房企,近地铁",价格待定,,待售,,
越秀珠实天悦海湾,南沙,南沙港,南沙商贸大道天悦海湾,"商业,低单价,低总价,车位充足,人车分流",10000,总价45(万/套),在售,,
中鼎·君和名城珺合府,黄埔,黄埔区府,丰乐北路68号,"商业,大型社区,近地铁,地铁沿线,综合商场",价格待定,,待售,,
富力富云山,白云,江夏,黄石西街23号,"商业,车位充足,大型社区,品牌房企,近地铁",价格待定,,待售,,
奥飞文创中心,黄埔,知识城,创新大道以西、凤湖二路以北,"商业,小型社区,地铁沿线,综合商场,超市",价格待定,,待售,,
星际云汇,黄埔,香雪,彩文路星际云汇,"商业,小型社区,国央企,近地铁,地铁沿线",价格待定,,待售,,
招商湾区1872,南沙,东涌,庆沙路招商湾区1872,"商业,车位充足,小型社区,国央企,品牌房企",价格待定,,待售,,
越秀中国铁建南投海语天悦湾,南沙,明珠湾,凤凰大道越秀中国铁建南投海语天悦湾,"商业,车位充足,人车分流,国央企,品牌房企",价格待定,,待售,,
云裳峯尚,白云,同和,白水塘中街云裳峯尚,"商业,小型社区,品牌房企,近地铁,地铁沿线",价格待定,,待售,,
卓越招商臻珑府,黄埔,夏园,龙头路卓越招商臻珑府,"商业,人车分流,小型社区,国央企,品牌房企",价格待定,,在售,,
中洲紫轩,黄埔,鱼珠,中山大道东中洲紫轩,"商业,小型社区,品牌房企,近地铁,多轨交汇",价格待定,,待售,,
金地天河峯睿,天河,车陂,健明五路与广棠路交叉路口东北侧(国六宝肉菜市场南侧约100米),"商业,车位充足,小型社区,品牌房企,近地铁",价格待定,,待售,,
保利翔龙天汇,黄埔,科学城,广汕公路黄陂地铁站B出口(第一一七中学旁),"商业,车位充足,大型社区,国央企,品牌房企",价格待定,,待售,,
创基天璟,增城,荔城西区,增城-荔城中区/增城大道72号,"商业类,车位充足,人车分流,品牌房企,地铁沿线",价格待定,,待售,,
中建弘阳德信湾璟壹号,南沙,万顷沙,兴隆路(美的南沙工业园东南侧约250米),"商业,车位充足,小型社区,国央企,品牌房企",价格待定,,待售,,
天健天玺,黄埔,长岭居,长岭街道岭头社区S379(永顺大道),"商业,国央企,品牌房企,地铁沿线,公交直达",价格待定,,待售,,
广州城投湾区金融港,天河,金融城,广东省广州市天河区临江大道北,"商业,小型社区,国央企,品牌房企,近地铁",价格待定,,待售,,
凯德双桥新作,荔湾,大坦沙,裕福街凯德双桥新作,"商业,人车分流,小型社区,品牌房企,近地铁",价格待定,,待售,,
合景月养云来,增城,荔城西区,白石路合景月养云来,"商业类,小型社区,品牌房企,超市",价格待定,,待售,,
广州白云站TOD粤胜广场,白云,同德围,中国.广州白云站TOD,"商业,低总价,车位充足,人车分流,国央企",30000,总价7804.8(万/套),在售,1室,建面 2439㎡
琶洲公馆,海珠,琶洲中,新港东路608号,"商业类,小型社区,国央企,品牌房企,近地铁",价格待定,,待售,,
广州滨江上都,荔湾,鹤洞,芳村大道南广州滨江上都,"写字楼,大型社区,品牌房企,多轨交汇,地铁沿线",价格待定,,待售,,
大华城东瀚,增城,朱村,朱村大道东大华城东瀚,"商业,车位充足,人车分流,品牌房企,近地铁",26000,,在售,,
明月豪庭,越秀,西门口,解放中路明月豪庭,"写字楼,小型社区,近地铁,地铁沿线,小户型",28000,总价130-501(万/套),在售,"1室,2室",建面 42-132㎡
新城市领院,天河,东圃,桃园西路新城市领院,"住宅,车位充足,绿化率高,高品质小区,品牌房企",80000,总价1800(万/套),在售,,
晟云台,白云,龙归,石湖新大路晟云台,"写字楼,车位充足,小型社区,地铁沿线,超市",价格待定,,待售,,
中国软件CBD,黄埔,文冲,护林路中国软件CBD,"商业类,小型社区,国央企,地铁沿线,公交直达",价格待定,,待售,,
中国铁建招商蛇口西派天河序,天河,沙太南,广东省广州市天河区牛利岗北街168号,"住宅,车位充足,人车分流,国央企,品牌房企",85000,总价1000-1700(万/套),在售,4室,建面 125-190㎡
绿城·揽江印月,番禺,市桥,广州市番禺区沙头街道沙堤路700号汀岸花园,"住宅,小型社区,公交直达,超市,视频看房",价格待定,,在售,,
珠江太古聚龙湾,荔湾,芳村,达江路珠江太古聚龙湾,"住宅,小型社区,近地铁,多轨交汇,超市",价格待定,,待售,,
保利琶洲四季,海珠,琶洲东,琶洲街道保利琶洲四季,"商业类,人车分流,封闭管理,国央企,品牌房企",40000,总价350-540(万/套),在售,3室,建面 105-129㎡
学畔公馆,番禺,国际创新城,兴业大道学畔公馆,"商业类,小型社区,品牌房企,地铁沿线,公交直达",价格待定,,待售,,
中国铁建西派澜岸,南沙,明珠湾,长沙村西街中国铁建西派澜岸,"商业类,车位充足,人车分流,国央企,品牌房企",价格待定,,待售,,
致景轩,海珠,广州大道南,广东省广州市海珠区华盛南路209号2层,"住宅,车位充足,人车分流,地铁沿线,公交直达",52000,总价380-615(万/套),在售,"2室,3室",建面 78-110㎡
珺筑水岸,南沙,万顷沙,广州市南沙区灵心支线与万新大道交叉口西行500米,"住宅,低单价,低总价,车位充足,人车分流",17000,总价230-265(万/套),在售,4室,建面 138-156㎡
珠江壹号,海珠,广州大道南,逸景路353号,"商业类,大型社区,多轨交汇,地铁沿线,超市",价格待定,,待售,,
中海大境,海珠,广州大道南,新窖西路中海大境,"住宅,车位充足,绿化率高,国央企,品牌房企",90000,总价1020-2700(万/套),在售,"3室,4室",建面 125-270㎡
鸿成珠江玥,南沙,万顷沙,珠江路一巷1号,"商业类,小型社区,地铁沿线,公交直达,综合商场",价格待定,,待售,,
保利燕语堂悦,海珠,江燕路,广东省广州市海珠区工业大道中313号,"住宅,车位充足,绿化率高,国央企,品牌房企",60000,总价450-820(万/套),在售,"3室,4室",建面 78-125㎡
越秀天悦云啟,南沙,东涌,三沙公路越秀天悦云啟,"住宅,人车分流,小型社区,国央企,品牌房企",价格待定,,待售,,
能建天河麓誉府,天河,高唐,广州天河奥体广汕二路高塘石地铁站往东约700米,"住宅,车位充足,绿化率高,国央企,品牌房企",46000,总价388-620(万/套),在售,"3室,4室",建面 80-125㎡
英广瑧尚,天河,沙河,先烈东横路英广瑧尚,"住宅,小型社区,近地铁,地铁沿线,超市",价格待定,,待售,,
南沙开建·源筑新城,南沙,万顷沙,万新大道南沙开建·源筑新城,"住宅,小型社区,国央企,品牌房企,公交直达",价格待定,,待售,,
保利华创都荟天珺,天河,员村,员村街道保利华创都荟天珺,"住宅,车位充足,绿化率高,国央企,品牌房企",100000,总价1500-3000(万/套),在售,"4室,5室",建面 157-253㎡
保利滨江和著,番禺,大石,广东省广州市番禺区南村镇兴南大道368号,"住宅,低总价,车位充足,绿化率高,国央企",39000,总价360-650(万/套),在售,"2室,3室",建面 86-142㎡
西派尊府,南沙,明珠湾,33号路西派尊府,"住宅,车位充足,人车分流,国央企,公交直达",价格待定,,待售,,
羊城时尚汇,增城,永宁,新新公路羊城时尚汇,"商业类,人车分流,公交直达,已交房1年内,已交房2年内",价格待定,,待售,,
星河·盛世锦城,番禺,雅居乐,市新公路星河·盛世锦城,"底商,车位充足,人车分流,品牌房企,近地铁",价格待定,,待售,,
鹏瑞金融城,天河,东圃,黄埔大道东鹏瑞金融城,"商业类,小型社区,近地铁,多轨交汇,超市",价格待定,,待售,,
保利琅悦,花都,旧区,云山大道保利琅悦,"住宅,车位充足,绿化率高,国央企,品牌房企",24000,总价230-370(万/套),在售,"3室,4室",建面 107-168㎡
越禧府,越秀,建设路,先烈南路越禧府,"住宅,小型社区,近地铁,多轨交汇,超市",价格待定,,待售,,
星河盛世禧悦,黄埔,香雪,开创大道星河盛世禧悦,"住宅,低单价,车位充足,绿化率高,品牌房企",24000,总价220-270(万/套),在售,"3室,4室",建面 88-108㎡
中旅·阿那亚·九龙湖,花都,北兴镇,鸿鹤路微澜苑,"住宅,绿化率高,低密居所,国央企,置换改善",23000,总价1050-1200(万/套),待售,"4室,5室",建面 447-508㎡
天健东玥台,增城,中新镇,中新地铁站A口,"底商,车位充足,小型社区,国央企,品牌房企",价格待定,,待售,,
珠江广场,海珠,滨江东,海珠区滨江东路835号,"住宅,人车分流,大型社区,近地铁,地铁沿线",80000,总价400-978(万/套),在售,"1室,2室",建面 55-122㎡
保利招商华发中央公馆,黄埔,黄埔区府,护林路保利招商华发中央公馆,"住宅,绿化率高,人车分流,国央企,品牌房企",45000,总价410-520(万/套),在售,"2室,3室",建面 81-159㎡
品越华府,海珠,赤岗,金运路1号,"住宅,车位充足,人车分流,国央企,品牌房企",140000,总价4700(万/套),在售,5室,建面 325㎡
城投湖山雅筑,花都,新区,商业大道城投湖山雅筑,"住宅,车位充足,绿化率高,国央企,品牌房企",23000,总价220-325(万/套),在售,"3室,4室",建面 94-133㎡
知城翰林湖畔,黄埔,知识城,创新大道知城翰林湖畔,"住宅,小型社区,地铁沿线,公交直达,综合商场",价格待定,,待售,,
中建一城江山海,黄埔,文冲,红山街道中建一城江山海,"住宅,车位充足,绿化率高,国央企,养老舒适",价格待定,,待售,,
保利锦上印,荔湾,坑口,东漖街保利锦上印,"商业类,人车分流,大型社区,国央企,品牌房企",价格待定,,待售,,
越秀万博城,番禺,汉溪长隆,番禺大道北越秀·万博城,"住宅,车位充足,绿化率高,国央企,品牌房企",51000,总价480-1000(万/套),在售,4室,建面 103-188㎡
中国铁建花语上城,南沙,南沙区府,广州南沙蕉门河凤凰大道滨海实验学校（海语校区）对面,"住宅,车位充足,人车分流,国央企,品牌房企",28500,总价275-420(万/套),在售,"3室,4室",建面 98-140㎡
越秀·大学城·和樾府·飞鸟集,番禺,国际创新城,兴业大道越秀·大学城·和樾府,"商业类,车位充足,人车分流,国央企,品牌房企",20000,总价70-96(万/套),在售,1室,建面 35-46㎡
中铁阅江来,南沙,南沙区府,黄阁南路中铁阅江来,"底商,车位充足,人车分流,国央企,品牌房企",价格待定,,待售,1室,建面 24-70㎡
长兴智汇商务中心,天河,五山,广州市天河区长福路219号,"商业类,小型社区,近地铁,地铁沿线,综合商场",价格待定,,待售,,
长兴智汇商务中心,天河,五山,广州市天河区长福路219号,"住宅,小型社区,近地铁,地铁沿线,综合商场",价格待定,,待售,,
颐和盛世,花都,炭步,炭步镇817乡道,"商业类,大型社区,国央企,品牌房企,综合商场",价格待定,,待售,,
创基天峰,增城,荔城西区,荔城街增城大道134号,"商业类,车位充足,小型社区,近地铁,地铁沿线",价格待定,,待售,,
岭胜广场,黄埔,科学城,联和街道岭胜广场,"商业类,小型社区,近地铁,地铁沿线,超市",价格待定,,待售,,
大湾区诺德云城,白云,同德围,广东省广州市白云区棠乐路165号,"商业类,小型社区,国央企,品牌房企,近地铁",价格待定,,待售,,
中建天钰,海珠,江燕路,南石头街道中建天钰,"住宅,小型社区,国央企,品牌房企,近地铁",价格待定,,待售,,
越秀·天荟江湾,海珠,工业大道南,广东省广州市海珠区大干围12号,"商业类,人车分流,大型社区,国央企,品牌房企",800-1600,,待售,,建面 176-293㎡
城隆大厦,天河,金融城,广东省广州市天河区员村五横路自编3号,"商业类,人车分流,小型社区,国央企,品牌房企",价格待定,,待售,,
大壮名城·名门,黄埔,科学城,揽月路大壮名城二期,"住宅,车位充足,绿化率高,近地铁,地铁沿线",55000,总价450-860(万/套),在售,"2室,4室",建面 88-143㎡
雍晟河滨广场,从化,新城片区,城南路雍晟河滨广场,"住宅,人车分流,小型社区,品牌房企,地铁沿线",价格待定,,待售,"3室,4室",建面 58-98㎡
智都绿城凤凰于飞,花都,新区,广东省广州市花都区凤凰北路,"住宅,车位充足,人车分流,国央企,品牌房企",23000,总价249-350(万/套),在售,"3室,4室",建面 108-144㎡
广州城投禧悦时光,花都,镜湖大道,花都区新雅街道安雅路1号,"住宅,低单价,低总价,绿化率高,人车分流",17000,总价120-210(万/套),在售,"3室,4室",建面 78-118㎡
广地花园,番禺,星河湾,广东省广州市番禺区,"底商,车位充足,大型社区,品牌房企,地铁沿线",45000,总价500(万/套),在售,,
保利珠江天悦,荔湾,东塱,白鹅潭CBD国际健康医药港港湾旁,"住宅,车位充足,绿化率高,国央企,品牌房企",60000,总价720-1350(万/套),在售,"3室,4室",建面 131-215㎡
中建海丝城,黄埔,文冲,广州市黄埔区黄埔东路1568号,"住宅,绿化率高,人车分流,国央企,品牌房企",35000,总价270-420(万/套),在售,"3室,4室",建面 78-117㎡
益云科创中心,白云,龙归,广东省广州市白云区大源街道益云科创中心(建设中),"商业类,车位充足,人车分流,地铁沿线,超市",价格待定,,待售,,
招商臻园,增城,新塘北,永宁街新福路,"商业,车位充足,人车分流,国央企,品牌房企",价格待定,,待售,,
广州城投禧悦府,增城,凤凰城,汽车城大道广州城投禧阅盛汇,"底商,大型社区,国央企,品牌房企,近地铁",38000,总价240(万/套),在售,,
中新知识城国际领军人才集聚区,黄埔,知识城,广东省广州市黄埔区中新广州知识城凤凰四路17号,"商业类,小型社区,近地铁,地铁沿线,综合商场",价格待定,,待售,,
中旅璞樾天序,花都,旧区,广州市花都区秀全三街1-38号,"住宅,低总价,人车分流,大型社区,国央企",21000,总价150-255(万/套),在售,"3室,4室",建面 89-128㎡
保利雅郡,荔湾,广钢新城,鹤洞路保利雅郡,"住宅,绿化率高,人车分流,国央企,品牌房企",45000,总价398-500(万/套),在售,"3室,4室",建面 69-109㎡
花都城投翰林世家,花都,花山镇,平西村十二队二街花都城投翰林世家,"住宅,车位充足,绿化率高,国央企,品牌房企",18000,总价230-350(万/套),在售,4室,建面 131-171㎡
增江创业广场,增城,荔城增江,纬六路增江创业广场,"商业类,人车分流,小型社区,公交直达,小户型",7850,总价26-37(万/套),在售,1室,建面 34-46㎡
太古仓壹号,海珠,工业大道北,海珠区龙凤街金沙社区革新路,"商业类,车位充足,小型社区,国央企,品牌房企",价格待定,,待售,,
广开云翰,黄埔,知识城,龙湖街道广开云翰,"住宅,小型社区,国央企,地铁沿线,公交直达",价格待定,,待售,,
智都越秀臻智府,花都,镜湖大道,广东省广州市花都区永利路,"住宅,人车分流,小型社区,国央企,品牌房企",价格待定,,待售,,
珠江壹城·禧悦花园,从化,神岗镇,14号线神岗地铁站B出口,"商业,车位充足,人车分流,品牌房企,近地铁",28000,总价62(万/套),在售,1室,建面 31㎡
保利翔龙天汇,黄埔,科学城,广汕公路黄陂地铁站B出口(第一一七中学旁),"底商,车位充足,人车分流,国央企,品牌房企",27000,总价500(万/套),在售,,
绿地云央,白云,太和,草塘路5号,"住宅,车位充足,人车分流,国央企,品牌房企",27500,总价275(万/套),售罄,"3室,4室",建面 98-138㎡
南华时代城,花都,铁路西,新华街工业大道18号,"住宅,人车分流,大型社区,健身跑道,地铁沿线",20000,总价220(万/套),售罄,3室,建面 105-124㎡
公园里（春晓花园）,增城,荔城增江,广汕公路与增江大道南交汇处（天恩小学对面）,"住宅,车位充足,绿化率高,入户花园,中式建筑",9800,,售罄,3室,建面 113-135㎡
名城御景绿洲,从化,江浦街,广州市从化区河东南路388号,"住宅,人车分流,大型社区,健身跑道,中式建筑",15000,总价120(万/套),售罄,"2室,3室",建面 84-172㎡
盈港国际,南沙,进港大道,广州市南沙区南沙街进港大道577号进港大道盈港国际,"商业类,绿化率高,人车分流,自持商业,公交直达",14500,总价140(万/套),售罄,"1室,2室",建面 87-139㎡
广州星河丹堤,南沙,金洲,丹堤北大街20号,"住宅,车位充足,绿化率高,高品质小区,养老舒适",25000,总价460(万/套),售罄,"3室,4室",建面 129-344㎡
大夫山尚东,番禺,市桥,禺山西路东桥大街68号,"住宅,绿化率高,人车分流,品牌房企,贴心物业",24000,总价220(万/套),售罄,"2室,3室",建面 79-110㎡
保利罗兰国际4期,黄埔,科学城,开创大道2656号,"住宅,车位充足,绿化率高,国央企,品牌房企",41000,总价450(万/套),售罄,"1室,2室",建面 54-172㎡
金地香山湖,增城,永宁,永和新新大道15号,"住宅,人车分流,小型社区,品牌房企,入户花园",12000,总价160(万/套),售罄,4室,建面 129-170㎡
中国铁建环球中心,南沙,南沙区府,广州市南沙区进港大道与丰泽西路交汇处,"写字楼,人车分流,大型社区,国央企,品牌房企",23000,,售罄,,
合景誉山国际,增城,永宁,广园东新新公路中段,"商业,车位充足,人车分流,品牌房企,贴心物业",18000,总价90(万/套),售罄,,
华发荔湾荟,荔湾,滘口,芳村大道西兴东路（郭村小区以南）,"商业类,人车分流,小型社区,国央企,品牌房企",22000,总价85(万/套),售罄,"2室,3室",建面 41-64㎡
越秀国际总部广场,南沙,金洲,双山大道与金隆路交汇处,"商业类,人车分流,大型社区,国央企,品牌房企",13500,总价70(万/套),售罄,"2室,3室",建面 40-87㎡
富力环贸中心,花都,花城街,平步大道与狮岭大道交汇处（广清高速海布出口以东100米）,"写字楼,品牌房企,公交直达,已交房超2年,综合商场",价格待定,,售罄,,
星河·湾区壹号,南沙,金洲,金苑大街与金苑横街交叉口西,"商业类,人车分流,封闭管理,品牌房企,健身跑道",13000,总价80(万/套),售罄,"1室,2室",建面 39-73㎡
嘉骏幸福里,从化,旧城区,广州市从化区城郊安园街43号,"住宅,绿化率高,人车分流,健身跑道,休闲会所",15500,总价149(万/套),售罄,3室,建面 89-106㎡
保利合锦领秀山,增城,荔城增江,增江街陆村村鹅春岭,"住宅,车位充足,人车分流,品牌房企,入户花园",10000,,售罄,"3室,4室",建面 100-139㎡
远洋招商保利东湾,增城,朱村,广东省广州市增城区朱村大道西163号,"住宅,车位充足,人车分流,国央企,品牌房企",20000,总价188(万/套),售罄,"3室,4室",建面 96-110㎡
纵横缤城,白云,新市,佳园街37-45号（单）,"住宅,绿化率高,人车分流,地铁沿线,公交直达",43000,总价360(万/套),售罄,"2室,3室",建面 71-100㎡
华远雲和墅,白云,东平,白云大道北大一大街23号,"住宅,车位充足,绿化率高,国央企,高品质小区",90000,总价2000(万/套),售罄,"2室,3室",建面 153-230㎡
保利西悦湾,荔湾,坑口,东漖南路（坑口地铁D出口990米）,"商业,人车分流,大型社区,国央企,品牌房企",价格待定,,售罄,,
越秀·天悦江湾（海珠）,海珠,南洲,南洲路1026号,"住宅,车位充足,人车分流,国央企,品牌房企",149000,总价1700(万/套),售罄,"3室,4室",建面 112-130㎡
南洲汇,海珠,南洲,南洲路128-150号,"商业,近地铁,多轨交汇,超市,公园",价格待定,,售罄,,
侨建Hi·City,海珠,南洲,南洲路158号,"商业类,车位充足,绿化率高,近地铁,多轨交汇",40000,总价240(万/套),售罄,"3室,4室",建面 56-99㎡
保利阅云台,白云,新市,三元里大道1375号,"住宅,车位充足,绿化率高,国央企,品牌房企",45000,总价450(万/套),售罄,"3室,4室",建面 99-108㎡
华润置地润府,白云,嘉禾望岗,鹤龙三路自编4号,"住宅,绿化率高,人车分流,国央企,品牌房企",37000,总价380(万/套),售罄,"3室,4室",建面 105-133㎡
品秀·星樾,黄埔,香雪,广州市黄埔区荔红一路品秀·星樾,"住宅,车位充足,人车分流,国央企,品牌房企",41500,总价456(万/套),售罄,"3室,4室",建面 84-193㎡
南沙.越秀明珠天悦江湾,南沙,明珠湾,庙南路江灵路小学旁越秀明珠天悦江湾,"住宅,绿化率高,人车分流,国央企,品牌房企",30000,总价260(万/套),售罄,"3室,4室",建面 80-178㎡
中国铁建·花语岭南,番禺,金山谷,兴学路西侧,"住宅,车位充足,绿化率高,国央企,品牌房企",45000,总价650(万/套),售罄,"4室,5室",建面 110-195㎡
保利拾光年,黄埔,知识城,广州市黄埔区知识城九龙大道保利拾光年,"住宅,车位充足,低密居所,国央企,品牌房企",25500,总价235(万/套),售罄,"2室,3室",建面 61-99㎡
越秀臻荣府,花都,镜湖大道,臻荣环街1号,"住宅,绿化率高,人车分流,国央企,品牌房企",30000,总价290(万/套),售罄,"3室,4室",建面 87-122㎡
领南星河荣誉,南沙,南沙港,南沙湾英东大道领南星河荣誉销售中心,"住宅,车位充足,绿化率高,品牌房企,贴心物业",28000,总价280(万/套),售罄,"3室,4室",建面 97-131㎡
信基玥岛,番禺,厦滘,迎宾路,"商业,小型社区,贴心物业,近地铁,地铁沿线",价格待定,,售罄,,
大华·紫悦府,番禺,市桥,禺山西路,"住宅,车位充足,绿化率高,品牌房企,健身跑道",27000,总价260(万/套),售罄,"2室,3室",建面 97-125㎡
大华·紫悦府,番禺,市桥,禺山西路（海伦堡创意园旁）,"底商,车位充足,人车分流,品牌房企,贴心物业",29000,总价90(万/套),售罄,,
桐悦花园,花都,镜湖大道,联乡路1号,"住宅,车位充足,绿化率高,国央企,品牌房企",29000,总价335(万/套),售罄,"2室,3室",建面 98-142㎡
龙湖天著,白云,人和,广州市白云区人和镇规划二横路,"住宅,车位充足,绿化率高,高品质小区,养老舒适",26000,总价230(万/套),售罄,"3室,4室",建面 94-139㎡
时代龙湖天著,白云,人和,广东省广州市白云区人和镇规划二横路,"商业,人车分流,封闭管理,品牌房企,健身跑道",23000,总价65(万/套),售罄,,
时代龙湖天著,白云,人和,广东省广州市白云区人和镇规划二横路,"底商,人车分流,大型社区,品牌房企,健身跑道",价格待定,,售罄,,
元邦明月翡翠,白云,新市,大埔南二街一巷1号,"住宅,车位充足,绿化率高,品牌房企,地铁沿线",40000,总价305(万/套),售罄,"1室,2室",建面 40-86㎡
四海城商业广场,番禺,万博,汉溪大道东390号,"写字楼,大型社区,近地铁,多轨交汇,已交房超2年",30000,总价150(万/套),售罄,31室,建面 2150㎡
灵山岛金茂湾二期,南沙,明珠湾,凤凰大道外国语学校对面,"住宅,车位充足,绿化率高,国央企,品牌房企",39000,总价830(万/套),售罄,"3室,4室",建面 98-252㎡
方圆星宇月岛,南沙,进港大道,南沙街星宇月岛二街,"住宅,绿化率高,人车分流,品牌房企,地铁沿线",29000,总价280(万/套),售罄,"2室,3室",建面 75-115㎡
智联汽车小镇,番禺,莲花山,金山大道东龙丰路段,"底商,车位充足,人车分流,国央企,品牌房企",价格待定,,售罄,,
星樾山畔TOD,黄埔,科学城,广州市黄埔区地铁7号线燕山站上盖,"住宅,车位充足,绿化率高,国央企,品牌房企",36500,总价365(万/套),售罄,"3室,4室",建面 80-110㎡
星汇城,黄埔,知识城,广东省广州市黄埔区,"住宅,车位充足,绿化率高,国央企,品牌房企",22000,总价210(万/套),售罄,"3室,4室",建面 81-122㎡
万科金域曦府,荔湾,花地湾,荔湾区地铁1号线花地湾站旁,"住宅,人车分流,大型社区,国央企,品牌房企",55000,总价550(万/套),售罄,"2室,3室",建面 72-132㎡
越秀和樾府,番禺,汉溪长隆,番禺大道与汉溪大道交汇处西侧,"住宅,车位充足,人车分流,国央企,品牌房企",66000,总价700(万/套),售罄,"3室,4室",建面 98-270㎡
保利悦公馆,番禺,金山谷,番禺区万博金山谷旁（富豪山庄北门）,"住宅,车位充足,绿化率高,国央企,品牌房企",38000,总价345(万/套),售罄,"2室,3室",建面 91-140㎡
保利阅云台,白云,新市,三元里大道1375号,"底商,车位充足,人车分流,国央企,品牌房企",50000,总价300(万/套),售罄,1室,建面 28㎡
越秀国际总部广场,南沙,金洲,广东省广州市南沙区金隆路,"商业,人车分流,大型社区,国央企,品牌房企",25000,总价300(万/套),售罄,,
景豪方大厦,越秀,北京路,大马站4、6、8号,"底商,人车分流,小型社区,国央企,品牌房企",价格待定,,售罄,,
保利大都汇,番禺,汉溪长隆,汉溪大道与新光快速交汇处,"写字楼,车位充足,人车分流,国央企,品牌房企",30000,总价6000(万/套),售罄,"6室,10室",建面 1979-4504㎡
雅居乐滨江雅苑,从化,太平镇,广从南路与太平西路交汇处,"住宅,车位充足,人车分流,品牌房企,科技住宅",11500,总价90(万/套),售罄,"3室,4室",建面 77-97㎡
中国铁建环球中心,南沙,南沙区府,丰泽西路中国铁建环球中心,"商业类,小型社区,国央企,品牌房企,近地铁",12600,总价75(万/套),售罄,1室,建面 38-49㎡
保利湾上,南沙,黄阁,南沙保利城售楼部,"住宅,车位充足,人车分流,国央企,品牌房企",22000,总价200(万/套),售罄,"2室,3室",建面 77-110㎡
奥园中新城市天地,增城,中新镇,广东省广州市增城区风光路360,"住宅,车位充足,人车分流,品牌房企,近地铁",21500,总价185(万/套),售罄,"3室,4室",建面 76-98㎡
合景臻玥广场,黄埔,科学城,广州市黄埔区科翔路76号臻玥广场售楼部（美国人学校对面）,"写字楼,车位充足,人车分流,品牌房企,近地铁",55000,总价1600(万/套),售罄,,
越秀·星汇文玺,番禺,国际创新城,华南理工大学广州国际校区旁,"住宅,绿化率高,人车分流,国央企,品牌房企",38000,总价370(万/套),售罄,"2室,3室",建面 78-117㎡
中交国际邮轮广场,南沙,南沙港,广州市南沙区港前大道南沙科技馆对面,"写字楼,车位充足,人车分流,国央企,品牌房企",24000,总价845(万/套),售罄,1室,建面 467㎡
美的江上沄启,南沙,明珠湾,广东省广州市南沙区横沥镇凤凰二桥,"住宅,人车分流,封闭管理,品牌房企,入户花园",30000,总价300(万/套),售罄,"2室,3室",建面 98-140㎡
金地半山风华,增城,永宁,新新大道北金地半山风华,"住宅,绿化率高,低密居所,高品质小区,养老舒适",12000,总价120(万/套),售罄,"2室,3室",建面 66-106㎡
中海观雲府,海珠,东晓南,东晓南路1668号,"住宅,绿化率高,人车分流,国央企,品牌房企",70000,总价1100(万/套),售罄,"3室,4室",建面 86-164㎡
品秀·星樾,黄埔,香雪,荔红一路品秀·星樾,"商业,车位充足,人车分流,国央企,品牌房企",45000,总价130(万/套),售罄,1室,建面 60㎡
领南星河荣誉,南沙,南沙港,南沙区英东大道领南星河荣誉销售中心,"写字楼,车位充足,人车分流,品牌房企,地铁沿线",价格待定,,售罄,,
领南星河荣誉,南沙,南沙港,南沙区英东大道,"底商,车位充足,人车分流,品牌房企,健身跑道",34000,总价160(万/套),售罄,,
中建玖玥湾,南沙,南沙港,港前大道北中建玖玥湾,"住宅,绿化率高,人车分流,国央企,品牌房企",35000,总价400(万/套),售罄,"3室,4室",建面 100-140㎡
中交国际邮轮广场,南沙,南沙港,广州市南沙区港前大道南沙科技馆对面,"底商,车位充足,人车分流,国央企,品牌房企",价格待定,,售罄,,
中海联睿品,增城,新塘北,民营大道东（新塘客运站南300米）,"底商,车位充足,人车分流,地铁沿线,公交直达",30000,总价150(万/套),售罄,,
合景臻玥广场,黄埔,科学城,广东省广州市黄埔区科翔路76号,"商业类,车位充足,绿化率高,品牌房企,贴心物业",55000,总价1721(万/套),售罄,5室,建面 313-322㎡
保利越秀·天启,荔湾,鹤洞,广州市荔湾区芳村大道东5-1号、5-2号,"住宅,人车分流,封闭管理,国央企,品牌房企",50000,总价600(万/套),售罄,"2室,3室",建面 88-119㎡
铂玥明珠ONE,南沙,明珠湾,广东省广州市南沙区义沙东路,"住宅,车位充足,人车分流,品牌房企,科技住宅",28000,总价250(万/套),售罄,"2室,3室",建面 79-113㎡
越秀·星汇文玺,番禺,国际创新城,华南理工大学广州国际校区旁,"商业类,绿化率高,人车分流,国央企,品牌房企",18000,总价150(万/套),售罄,"1室,4室",建面 32-80㎡
中惠璧珑湾,南沙,南沙区府,南沙进港大道与凤凰大道交界（地铁4号线蕉门站A出口）,"写字楼,人车分流,小型社区,近地铁,地铁沿线",26000,总价189(万/套),售罄,,
凯得金融中心,黄埔,科学城,广东省广州市黄埔区科学大道239号,"写字楼,小型社区,国央企,品牌房企,近地铁",26000,总价2600(万/套),售罄,1室,建面 1001-1002㎡
越秀明珠天悦江湾,南沙,明珠湾,庙南路越秀明珠天悦江湾,"底商,人车分流,大型社区,国央企,品牌房企",27000,总价900(万/套),售罄,,
星汇城,黄埔,知识城,知识城镇龙地铁站C出口,"商业,车位充足,人车分流,国央企,品牌房企",15000,总价60(万/套),售罄,,
保利时代,从化,江浦街,广东省广州市从化区灌村路凤鸣西四街5号,"底商,人车分流,大型社区,国央企,品牌房企",22000,总价75(万/套),售罄,,
金地半山风华,增城,永宁,新新大道北金地半山风华,"底商,人车分流,小型社区,品牌房企,公交直达",价格待定,,售罄,,
金地半山风华,增城,永宁,新新大道北金地半山风华,"商业,人车分流,小型社区,品牌房企,公交直达",22500,总价100(万/套),售罄,,
保利时光印象,南沙,金洲,金岭南路保利时光印象,"住宅,绿化率高,人车分流,国央企,品牌房企",18000,总价130(万/套),售罄,"3室,4室",建面 68-118㎡
美的江上沄启,南沙,明珠湾,横沥镇晓风印月东三街1号,"底商,人车分流,封闭管理,品牌房企,公交直达",27000,总价100(万/套),售罄,,
万科云都荟,白云,三元里,机场路万科云都荟,"商业类,小型社区,国央企,品牌房企,近地铁",价格待定,,售罄,,
越秀和樾府,番禺,汉溪长隆,番禺大道与汉溪大道交汇处西侧,"底商,人车分流,大型社区,国央企,品牌房企",100000,总价260(万/套),售罄,,
中国铁建环球中心,南沙,南沙区府,广东省广州市南沙区S358(进港大道),"底商,大型社区,国央企,品牌房企,近地铁",28000,,售罄,,
越秀·星汇文玺,番禺,国际创新城,华南理工大学广州国际校区旁,"底商,人车分流,封闭管理,国央企,品牌房企",38000,总价90(万/套),售罄,,
中建玖玥湾,南沙,南沙港,南沙-明珠湾/港前大道北与下湾东街交叉口西北320米,"商业类,绿化率高,人车分流,国央企,品牌房企",17000,总价76(万/套),售罄,"1室,2室",建面 38-65㎡
香江健康小镇三期一方小院,增城,派潭镇,达开北路香江健康小镇三期一方小院,"商业,小型社区,品牌房企,公交直达,超市",价格待定,,售罄,,
保利半岛,南沙,黄阁,滨水大道左侧（南沙儿童公园对面）保利半岛,"商业,车位充足,国央企,品牌房企,地铁沿线",价格待定,,售罄,,
保利半岛南地块,南沙,黄阁,市南大道北侧，滨水大道左侧(华师附二中旁),"商业,车位充足,国央企,品牌房企,地铁沿线",价格待定,,售罄,,
富力新城,黄埔,开发东区,广东省广州市黄埔区笔村大路85,"底商,人车分流,大型社区,地铁沿线,公交直达",43000,总价355(万/套),售罄,1室,建面 71-81㎡
禧都华庭,花都,铁路西,工业大道17号之二,"住宅,绿化率高,人车分流,品牌房企,地铁沿线",13800,总价140(万/套),售罄,"2室,3室",建面 76-126㎡
保利罗兰国际（商业）,黄埔,科学城,开创大道保利罗兰国际,"商业,车位充足,人车分流,国央企,品牌房企",40000,总价350(万/套),售罄,,
华润置地润府,白云,嘉禾望岗,鹤龙三路自编4号,"商业,小型社区,国央企,品牌房企,地铁沿线",价格待定,,售罄,,
中建玖玥湾,南沙,南沙港,港前大道北中建玖玥湾,"商业,人车分流,小型社区,国央企,品牌房企",价格待定,,售罄,,
禧都华庭,花都,铁路西,新街大道100号,"商业,人车分流,小型社区,品牌房企,近地铁",28000,总价114(万/套),售罄,1室,建面 40㎡
保利悦公馆,番禺,金山谷,兴学路,"商业,人车分流,大型社区,国央企,品牌房企",价格待定,,售罄,,
星樾山畔TOD,黄埔,科学城,地铁7号线2期水西北站旁(敏捷广场旁),"商业,车位充足,人车分流,国央企,品牌房企",价格待定,,售罄,,
南沙·十里方圆,南沙,黄阁,黄阁镇大井村,"商业,人车分流,小型社区,品牌房企,地铁沿线",价格待定,,售罄,,
禧都华庭,花都,铁路西,工业大道17号之二,"底商,人车分流,小型社区,品牌房企,地铁沿线",28000,总价114(万/套),售罄,1室,建面 40㎡
叠翠峰,南沙,南沙区府,南沙凤凰大道与丰泽西路交汇处叠翠峰,"底商,大型社区,近地铁,地铁沿线,综合商场",35000,,售罄,,
云星钱隆天誉,从化,太平镇,高技术产业园丰盈路7号,"底商,品牌房企,地铁沿线,公交直达,已交房超2年",18000,,售罄,,
